date,price
1999-12-30,2.3
1999-12-30,2.328
1999-12-30,2.329
1999-12-30,2.328
1999-12-30,2.338
1999-12-29,2.34
1999-12-29,2.377
1999-12-29,2.394
1999-12-29,2.372
1999-12-29,2.39
1999-12-28,2.354
1999-12-28,2.34
1999-12-28,2.32
1999-12-28,2.344
1999-12-28,2.369
1999-12-27,2.293
1999-12-27,2.295
1999-12-27,2.271
1999-12-27,2.36
1999-12-27,2.296
1999-12-23,2.42
1999-12-23,2.38
1999-12-23,2.396
1999-12-23,2.399
1999-12-23,2.388
1999-12-22,2.444
1999-12-22,2.45
1999-12-22,2.395
1999-12-22,2.42
1999-12-22,2.445
1999-12-21,2.522
1999-12-21,2.519
1999-12-21,2.59
1999-12-21,2.477
1999-12-21,2.44
1999-12-20,2.609
1999-12-20,2.629
1999-12-20,2.67
1999-12-20,2.503
1999-12-20,2.554
1999-12-17,2.55
1999-12-17,2.626
1999-12-17,2.655
1999-12-17,2.561
1999-12-17,2.51
1999-12-16,2.634
1999-12-16,2.52
1999-12-16,2.577
1999-12-16,2.52
1999-12-16,2.636
1999-12-15,2.442
1999-12-15,2.54
1999-12-15,2.486
1999-12-15,2.479
1999-12-15,2.513
1999-12-14,2.492
1999-12-14,2.585
1999-12-14,2.539
1999-12-14,2.589
1999-12-14,2.49
1999-12-13,2.442
1999-12-13,2.477
1999-12-13,2.35
1999-12-13,2.515
1999-12-13,2.509
1999-12-10,2.27
1999-12-10,2.446
1999-12-10,2.414
1999-12-10,2.459
1999-12-10,2.439
1999-12-09,2.305
1999-12-09,2.285
1999-12-09,2.322
1999-12-09,2.2
1999-12-09,2.32
1999-12-08,2.23
1999-12-08,2.288
1999-12-08,2.31
1999-12-08,2.316
1999-12-08,2.299
1999-12-07,2.16
1999-12-07,2.28
1999-12-07,2.271
1999-12-07,2.293
1999-12-07,2.288
1999-12-06,2.24
1999-12-06,2.19
1999-12-06,2.242
1999-12-06,2.242
1999-12-06,2.224
1999-12-03,2.305
1999-12-03,2.335
1999-12-03,2.331
1999-12-03,2.16
1999-12-03,2.283
1999-12-02,2.461
1999-12-02,2.18
1999-12-02,2.438
1999-12-02,2.34
1999-12-02,2.383
1999-12-01,2.393
1999-12-01,2.35
1999-12-01,2.392
1999-12-01,2.318
1999-12-01,2.17
1999-11-30,2.304
1999-11-30,2.319
1999-11-30,2.279
1999-11-30,2.22
1999-11-30,2.294
1999-11-29,2.325
1999-11-29,2.25
1999-11-29,2.352
1999-11-29,2.308
1999-11-29,2.36
1999-11-24,2.335
1999-11-24,2.302
1999-11-24,1.96
1999-11-24,2.12
1999-11-24,2.33
1999-11-23,2.337
1999-11-23,2.189
1999-11-23,2.372
1999-11-23,2.375
1999-11-23,1.99
1999-11-22,2.389
1999-11-22,2.197
1999-11-22,2.347
1999-11-22,2.372
1999-11-22,2.05
1999-11-19,2.539
1999-11-19,2.434
1999-11-19,2.16
1999-11-19,2.477
1999-11-19,2.564
1999-11-18,2.606
1999-11-18,2.573
1999-11-18,2.505
1999-11-18,2.496
1999-11-18,2.22
1999-11-17,2.5
1999-11-17,2.592
1999-11-17,2.456
1999-11-17,2.24
1999-11-17,2.56
1999-11-16,2.567
1999-11-16,2.596
1999-11-16,2.23
1999-11-16,2.505
1999-11-16,2.451
1999-11-15,2.565
1999-11-15,2.33
1999-11-15,2.524
1999-11-15,2.64
1999-11-15,2.681
1999-11-12,2.725
1999-11-12,2.16
1999-11-12,2.635
1999-11-12,2.649
1999-11-12,2.788
1999-11-11,2.614
1999-11-11,2.522
1999-11-11,2.544
1999-11-11,2.38
1999-11-11,2.669
1999-11-10,2.58
1999-11-10,2.673
1999-11-10,2.657
1999-11-10,2.763
1999-11-10,2.39
1999-11-09,2.44
1999-11-09,2.559
1999-11-09,2.735
1999-11-09,2.643
1999-11-09,2.647
1999-11-08,2.55
1999-11-08,2.665
1999-11-08,2.746
1999-11-08,2.59
1999-11-08,2.646
1999-11-05,2.62
1999-11-05,2.884
1999-11-05,2.784
1999-11-05,2.649
1999-11-05,2.928
1999-11-04,2.826
1999-11-04,2.732
1999-11-04,2.609
1999-11-04,2.861
1999-11-04,2.75
1999-11-03,2.873
1999-11-03,2.64
1999-11-03,2.902
1999-11-03,2.772
1999-11-03,2.82
1999-11-02,2.612
1999-11-02,2.872
1999-11-02,2.742
1999-11-02,2.837
1999-11-02,2.81
1999-11-01,2.934
1999-11-01,2.914
1999-11-01,2.799
1999-11-01,2.73
1999-11-01,2.66
1999-10-29,2.76
1999-10-29,2.961
1999-10-29,2.698
1999-10-29,2.848
1999-10-29,2.983
1999-10-28,2.97
1999-10-28,2.9
1999-10-28,2.965
1999-10-28,2.994
1999-10-28,2.712
1999-10-27,3.23
1999-10-27,3.05
1999-10-27,3.02
1999-10-27,3.223
1999-10-27,3.092
1999-10-26,3.148
1999-10-26,3.011
1999-10-26,2.987
1999-10-26,2.96
1999-10-26,3.158
1999-10-25,3.122
1999-10-25,3.016
1999-10-25,2.98
1999-10-25,2.97
1999-10-25,3.137
1999-10-22,3.188
1999-10-22,3.072
1999-10-22,3
1999-10-22,3.005
1999-10-22,3.183
1999-10-21,2.99
1999-10-21,3.01
1999-10-21,3.2
1999-10-21,3.064
1999-10-21,3.187
1999-10-20,3.144
1999-10-20,2.978
1999-10-20,2.9
1999-10-20,3.162
1999-10-20,2.977
1999-10-19,3.195
1999-10-19,3.21
1999-10-19,2.89
1999-10-19,3.01
1999-10-19,3.007
1999-10-18,3.14
1999-10-18,2.965
1999-10-18,2.82
1999-10-18,2.92
1999-10-18,3.16
1999-10-15,2.975
1999-10-15,3.177
1999-10-15,2.99
1999-10-15,3.19
1999-10-15,2.66
1999-10-14,2.907
1999-10-14,3.051
1999-10-14,3.082
1999-10-14,2.7
1999-10-14,2.834
1999-10-13,2.97
1999-10-13,3.159
1999-10-13,2.81
1999-10-13,3.172
1999-10-13,2.982
1999-10-12,3.133
1999-10-12,2.65
1999-10-12,3.118
1999-10-12,2.953
1999-10-12,2.927
1999-10-11,2.873
1999-10-11,2.825
1999-10-11,3.031
1999-10-11,3.013
1999-10-11,2.53
1999-10-08,2.35
1999-10-08,2.883
1999-10-08,2.692
1999-10-08,2.913
1999-10-07,2.877
1999-10-07,2.747
1999-10-07,2.642
1999-10-07,2.49
1999-10-07,2.84
1999-10-06,2.725
1999-10-06,2.48
1999-10-06,2.801
1999-10-06,2.601
1999-10-06,2.853
1999-10-05,2.45
1999-10-05,2.586
1999-10-05,2.85
1999-10-05,2.725
1999-10-05,2.802
1999-10-04,2.625
1999-10-04,2.873
1999-10-04,2.834
1999-10-04,2.49
1999-10-04,2.751
1999-10-01,2.793
1999-10-01,2.999
1999-10-01,2.839
1999-10-01,2.977
1999-10-01,2.39
1999-09-30,2.97
1999-09-30,2.815
1999-09-30,2.94
1999-09-30,2.744
1999-09-30,2.31
1999-09-29,2.864
1999-09-29,2.824
1999-09-29,3.019
1999-09-29,2.57
1999-09-29,3.049
1999-09-28,3.056
1999-09-28,2.56
1999-09-28,2.52
1999-09-28,2.855
1999-09-28,3.091
1999-09-27,2.51
1999-09-27,2.632
1999-09-27,3.145
1999-09-27,3.126
1999-09-27,2.931
1999-09-24,3.085
1999-09-24,2.54
1999-09-24,2.63
1999-09-24,2.913
1999-09-24,3.065
1999-09-23,3.063
1999-09-23,2.928
1999-09-23,3.025
1999-09-23,2.45
1999-09-23,2.697
1999-09-22,2.875
1999-09-22,2.913
1999-09-22,2.676
1999-09-22,2.426
1999-09-22,2.3
1999-09-21,2.866
1999-09-21,2.33
1999-09-21,2.669
1999-09-21,2.905
1999-09-21,2.427
1999-09-20,2.94
1999-09-20,2.49
1999-09-20,2.519
1999-09-20,2.75
1999-09-20,2.968
1999-09-17,2.974
1999-09-17,2.45
1999-09-17,2.608
1999-09-17,2.814
1999-09-17,3.002
1999-09-16,2.747
1999-09-16,2.546
1999-09-16,2.897
1999-09-16,2.47
1999-09-16,2.935
1999-09-15,2.976
1999-09-15,2.806
1999-09-15,2.628
1999-09-15,2.946
1999-09-15,2.52
1999-09-14,2.979
1999-09-14,2.66
1999-09-14,2.636
1999-09-14,2.944
1999-09-14,2.809
1999-09-13,3.048
1999-09-13,2.781
1999-09-13,2.926
1999-09-13,3.073
1999-09-13,2.8
1999-09-10,3.08
1999-09-10,2.801
1999-09-10,3.057
1999-09-10,2.94
1999-09-10,2.84
1999-09-09,3.102
1999-09-09,2.851
1999-09-09,2.75
1999-09-09,3.068
1999-09-09,2.985
1999-09-08,2.612
1999-09-08,2.66
1999-09-08,2.918
1999-09-08,2.952
1999-09-08,2.781
1999-09-07,2.84
1999-09-07,3.008
1999-09-07,2.677
1999-09-07,2.56
1999-09-07,2.978
1999-09-03,2.561
1999-09-03,2.47
1999-09-03,2.9
1999-09-03,2.862
1999-09-03,2.721
1999-09-02,2.856
1999-09-02,2.471
1999-09-02,2.56
1999-09-02,2.888
1999-09-02,2.628
1999-09-01,2.71
1999-09-01,2.879
1999-09-01,3.006
1999-09-01,3.038
1999-09-01,2.737
1999-08-31,3.07
1999-08-31,3.093
1999-08-31,2.955
1999-08-31,2.84
1999-08-31,2.825
1999-08-30,3.188
1999-08-30,2.85
1999-08-30,3.07
1999-08-30,3.171
1999-08-30,2.969
1999-08-27,3.126
1999-08-27,2.87
1999-08-27,2.922
1999-08-27,2.912
1999-08-27,3.027
1999-08-26,3.078
1999-08-26,2.97
1999-08-26,2.948
1999-08-26,2.97
1999-08-26,3.175
1999-08-25,3.245
1999-08-25,3.047
1999-08-25,3.1
1999-08-25,3.03
1999-08-25,3.15
1999-08-24,3.182
1999-08-24,3.059
1999-08-24,3.277
1999-08-24,3.01
1999-08-24,3.082
1999-08-23,3.185
1999-08-23,3.064
1999-08-23,2.95
1999-08-23,3.08
1999-08-23,3.285
1999-08-20,3.17
1999-08-20,2.97
1999-08-20,2.964
1999-08-20,2.938
1999-08-20,3.065
1999-08-19,2.927
1999-08-19,3.031
1999-08-19,3.139
1999-08-19,2.898
1999-08-19,2.87
1999-08-18,2.832
1999-08-18,2.75
1999-08-18,2.945
1999-08-18,2.792
1999-08-18,3.06
1999-08-17,2.874
1999-08-17,2.998
1999-08-17,2.7
1999-08-17,2.708
1999-08-17,2.747
1999-08-16,2.738
1999-08-16,2.73
1999-08-16,2.7
1999-08-16,2.992
1999-08-16,2.865
1999-08-13,2.745
1999-08-13,2.71
1999-08-13,3.007
1999-08-13,2.777
1999-08-13,2.89
1999-08-12,2.755
1999-08-12,2.871
1999-08-12,2.73
1999-08-12,2.723
1999-08-12,2.988
1999-08-11,2.975
1999-08-11,2.79
1999-08-11,2.704
1999-08-11,2.853
1999-08-11,2.741
1999-08-10,2.779
1999-08-10,2.876
1999-08-10,2.991
1999-08-10,2.77
1999-08-10,2.748
1999-08-09,2.721
1999-08-09,2.974
1999-08-09,2.754
1999-08-09,2.73
1999-08-09,2.854
1999-08-06,2.831
1999-08-06,2.698
1999-08-06,2.956
1999-08-06,2.721
1999-08-06,2.69
1999-08-05,2.647
1999-08-05,2.666
1999-08-05,2.69
1999-08-05,2.922
1999-08-05,2.785
1999-08-04,2.665
1999-08-04,2.785
1999-08-04,2.917
1999-08-04,2.64
1999-08-04,2.642
1999-08-03,2.624
1999-08-03,2.61
1999-08-03,2.598
1999-08-03,2.892
1999-08-03,2.752
1999-08-02,2.575
1999-08-02,2.51
1999-08-02,2.724
1999-08-02,2.867
1999-08-02,2.594
1999-07-30,2.845
1999-07-30,2.55
1999-07-30,2.7
1999-07-30,2.566
1999-07-30,2.543
1999-07-29,2.586
1999-07-29,2.708
1999-07-29,2.67
1999-07-29,2.569
1999-07-29,2.843
1999-07-28,2.606
1999-07-28,2.58
1999-07-28,2.623
1999-07-28,2.601
1999-07-28,2.738
1999-07-27,2.631
1999-07-27,2.755
1999-07-27,2.611
1999-07-27,2.574
1999-07-27,2.55
1999-07-26,2.55
1999-07-26,2.597
1999-07-26,2.734
1999-07-26,2.577
1999-07-26,2.542
1999-07-23,2.719
1999-07-23,2.42
1999-07-23,2.562
1999-07-23,2.528
1999-07-23,2.577
1999-07-22,2.605
1999-07-22,2.414
1999-07-22,2.32
1999-07-22,2.395
1999-07-22,2.439
1999-07-21,2.272
1999-07-21,2.508
1999-07-21,2.312
1999-07-21,2.25
1999-07-21,2.253
1999-07-20,2.466
1999-07-20,2.198
1999-07-20,2.24
1999-07-20,2.267
1999-07-20,2.22
1999-07-19,2.236
1999-07-19,2.278
1999-07-19,2.475
1999-07-19,2.207
1999-07-19,2.2
1999-07-16,2.216
1999-07-16,2.18
1999-07-16,2.259
1999-07-16,2.187
1999-07-16,2.455
1999-07-15,2.209
1999-07-15,2.12
1999-07-15,2.254
1999-07-15,2.449
1999-07-15,2.179
1999-07-14,2.422
1999-07-14,2.181
1999-07-14,2.23
1999-07-14,2.146
1999-07-14,2.16
1999-07-13,2.176
1999-07-13,2.14
1999-07-13,2.441
1999-07-13,2.214
1999-07-13,2.258
1999-07-12,2.224
1999-07-12,2.409
1999-07-12,2.12
1999-07-12,2.144
1999-07-12,2.181
1999-07-09,2.236
1999-07-09,2.416
1999-07-09,2.196
1999-07-09,2.17
1999-07-09,2.163
1999-07-08,2.404
1999-07-08,2.162
1999-07-08,2.227
1999-07-08,2.19
1999-07-08,2.189
1999-07-07,2.174
1999-07-07,2.2
1999-07-07,2.141
1999-07-07,2.389
1999-07-07,2.212
1999-07-06,2.254
1999-07-06,2.42
1999-07-06,2.191
1999-07-06,2.29
1999-07-06,2.222
1999-07-02,2.26
1999-07-02,2.308
1999-07-02,2.485
1999-07-02,2.335
1999-07-02,2.287
1999-07-01,2.309
1999-07-01,2.333
1999-07-01,2.29
1999-07-01,2.262
1999-07-01,2.357
1999-06-30,2.419
1999-06-30,2.394
1999-06-30,2.34
1999-06-30,2.436
1999-06-30,2.576
1999-06-29,2.4
1999-06-29,2.574
1999-06-29,2.438
1999-06-29,2.419
1999-06-29,2.33
1999-06-28,2.262
1999-06-28,2.25
1999-06-28,2.374
1999-06-28,2.349
1999-06-28,2.324
1999-06-25,2.32
1999-06-25,2.27
1999-06-25,2.258
1999-06-25,2.349
1999-06-25,2.292
1999-06-24,2.332
1999-06-24,2.26
1999-06-24,2.377
1999-06-24,2.355
1999-06-24,2.295
1999-06-23,2.3
1999-06-23,2.326
1999-06-23,2.264
1999-06-23,2.25
1999-06-23,2.35
1999-06-22,2.301
1999-06-22,2.238
1999-06-22,2.325
1999-06-22,2.23
1999-06-22,2.273
1999-06-21,2.295
1999-06-21,2.22
1999-06-21,2.237
1999-06-21,2.268
1999-06-21,2.322
1999-06-18,2.357
1999-06-18,2.24
1999-06-18,2.337
1999-06-18,2.382
1999-06-18,2.308
1999-06-17,2.312
1999-06-17,2.24
1999-06-17,2.365
1999-06-17,2.336
1999-06-17,2.285
1999-06-16,2.356
1999-06-16,2.407
1999-06-16,2.327
1999-06-16,2.379
1999-06-16,2.28
1999-06-15,2.28
1999-06-15,2.439
1999-06-15,2.414
1999-06-15,2.367
1999-06-15,2.396
1999-06-14,2.29
1999-06-14,2.398
1999-06-14,2.418
1999-06-14,2.372
1999-06-14,2.443
1999-06-11,2.405
1999-06-11,2.378
1999-06-11,2.423
1999-06-11,2.448
1999-06-11,2.3
1999-06-10,2.381
1999-06-10,2.432
1999-06-10,2.37
1999-06-10,2.355
1999-06-10,2.404
1999-06-09,2.48
1999-06-09,2.39
1999-06-09,2.492
1999-06-09,2.46
1999-06-09,2.512
1999-06-08,2.465
1999-06-08,2.38
1999-06-08,2.393
1999-06-08,2.437
1999-06-08,2.419
1999-06-07,2.467
1999-06-07,2.41
1999-06-07,2.442
1999-06-07,2.482
1999-06-07,2.504
1999-06-04,2.466
1999-06-04,2.31
1999-06-04,2.489
1999-06-04,2.437
1999-06-04,2.454
1999-06-03,2.35
1999-06-03,2.397
1999-06-03,2.414
1999-06-03,2.429
1999-06-03,2.455
1999-06-02,2.43
1999-06-02,2.36
1999-06-02,2.407
1999-06-02,2.42
1999-06-02,2.455
1999-06-01,2.34
1999-06-01,2.343
1999-06-01,2.37
1999-06-01,2.357
1999-06-01,2.4
1999-05-28,2.358
1999-05-28,2.29
1999-05-28,2.412
1999-05-28,2.374
1999-05-28,2.383
1999-05-27,2.313
1999-05-27,2.27
1999-05-27,2.282
1999-05-27,2.348
1999-05-27,2.3
1999-05-26,2.21
1999-05-26,2.235
1999-05-26,2.255
1999-05-26,2.226
1999-05-26,2.22
1999-05-25,2.2
1999-05-25,2.24
1999-05-25,2.18
1999-05-25,2.259
1999-05-25,2.219
1999-05-24,2.19
1999-05-24,2.222
1999-05-24,2.192
1999-05-24,2.176
1999-05-24,2.242
1999-05-21,2.246
1999-05-21,2.275
1999-05-21,2.293
1999-05-21,2.225
1999-05-21,2.21
1999-05-20,2.244
1999-05-20,2.218
1999-05-20,2.289
1999-05-20,2.272
1999-05-20,2.26
1999-05-19,2.319
1999-05-19,2.27
1999-05-19,2.281
1999-05-19,2.254
1999-05-19,2.304
1999-05-18,2.328
1999-05-18,2.313
1999-05-18,2.262
1999-05-18,2.3
1999-05-18,2.293
1999-05-17,2.401
1999-05-17,2.372
1999-05-17,2.39
1999-05-17,2.343
1999-05-17,2.31
1999-05-14,2.288
1999-05-14,2.352
1999-05-14,2.317
1999-05-14,2.28
1999-05-14,2.337
1999-05-13,2.305
1999-05-13,2.34
1999-05-13,2.325
1999-05-13,2.21
1999-05-13,2.282
1999-05-12,2.191
1999-05-12,2.248
1999-05-12,2.265
1999-05-12,2.221
1999-05-12,2.19
1999-05-11,2.309
1999-05-11,2.294
1999-05-11,2.236
1999-05-11,2.264
1999-05-11,2.29
1999-05-10,2.33
1999-05-10,2.25
1999-05-10,2.302
1999-05-10,2.352
1999-05-10,2.364
1999-05-07,2.302
1999-05-07,2.273
1999-05-07,2.326
1999-05-07,2.25
1999-05-07,2.34
1999-05-06,2.342
1999-05-06,2.295
1999-05-06,2.319
1999-05-06,2.32
1999-05-06,2.355
1999-05-05,2.359
1999-05-05,2.36
1999-05-05,2.403
1999-05-05,2.397
1999-05-05,2.381
1999-05-04,2.399
1999-05-04,2.394
1999-05-04,2.359
1999-05-04,2.379
1999-05-04,2.32
1999-05-03,2.34
1999-05-03,2.311
1999-05-03,2.325
1999-05-03,2.23
1999-05-03,2.348
1999-04-30,2.269
1999-04-30,2.253
1999-04-30,2.3
1999-04-30,2.289
1999-04-30,2.25
1999-04-29,2.352
1999-04-29,2.339
1999-04-29,2.366
1999-04-29,2.37
1999-04-29,2.37
1999-04-28,2.341
1999-04-28,2.31
1999-04-28,2.358
1999-04-28,2.348
1999-04-28,2.372
1999-04-27,2.365
1999-04-27,2.331
1999-04-27,2.355
1999-04-27,2.337
1999-04-27,2.32
1999-04-26,2.325
1999-04-26,2.338
1999-04-26,2.299
1999-04-26,2.345
1999-04-26,2.23
1999-04-23,2.226
1999-04-23,2.23
1999-04-23,2.271
1999-04-23,2.253
1999-04-23,2.281
1999-04-22,2.225
1999-04-22,2.253
1999-04-22,2.271
1999-04-22,2.279
1999-04-22,2.24
1999-04-21,2.239
1999-04-21,2.209
1999-04-21,2.17
1999-04-21,2.229
1999-04-21,2.174
1999-04-20,2.21
1999-04-20,2.18
1999-04-20,2.144
1999-04-20,2.178
1999-04-20,2.198
1999-04-19,2.203
1999-04-19,2.217
1999-04-19,2.169
1999-04-19,2.1
1999-04-19,2.227
1999-04-16,2.158
1999-04-16,2.124
1999-04-16,2.14
1999-04-16,2.173
1999-04-16,2.189
1999-04-15,2.167
1999-04-15,2.137
1999-04-15,2.19
1999-04-15,2.14
1999-04-15,2.179
1999-04-14,2.16
1999-04-14,2.145
1999-04-14,2.096
1999-04-14,2.129
1999-04-14,2.11
1999-04-13,2.14
1999-04-13,2.193
1999-04-13,2.136
1999-04-13,2.167
1999-04-13,2.18
1999-04-12,2.167
1999-04-12,2.06
1999-04-12,2.156
1999-04-12,2.179
1999-04-12,2.128
1999-04-09,2.15
1999-04-09,2.1
1999-04-09,2.119
1999-04-09,2.096
1999-04-09,2.135
1999-04-08,2.09
1999-04-08,2.069
1999-04-08,2.127
1999-04-08,2.109
1999-04-08,2.07
1999-04-07,2.09
1999-04-07,2.05
1999-04-07,2.03
1999-04-07,2.024
1999-04-07,2.07
1999-04-06,2.075
1999-04-06,2.013
1999-04-06,1.98
1999-04-06,2.035
1999-04-06,2.056
1999-04-05,2.05
1999-04-05,2.03
1999-04-05,2.03
1999-04-05,2.09
1999-04-05,2.07
1999-04-01,2.055
1999-04-01,1.95
1999-04-01,1.852
1999-04-01,2.038
1999-04-01,2.072
1999-03-31,2.041
1999-03-31,2.013
1999-03-31,2.078
1999-03-31,2.02
1999-03-31,2.058
1999-03-30,1.89
1999-03-30,1.978
1999-03-30,2.048
1999-03-30,2.003
1999-03-30,2.028
1999-03-29,1.945
1999-03-29,1.8
1999-03-29,1.852
1999-03-29,1.915
1999-03-29,1.883
1999-03-26,1.95
1999-03-26,1.83
1999-03-26,1.885
1999-03-26,1.92
1999-03-26,1.854
1999-03-25,1.922
1999-03-25,1.8
1999-03-25,1.87
1999-03-25,1.895
1999-03-25,1.835
1999-03-24,1.819
1999-03-24,1.759
1999-03-24,1.851
1999-03-24,1.784
1999-03-24,1.79
1999-03-23,1.846
1999-03-23,1.754
1999-03-23,1.779
1999-03-23,1.815
1999-03-23,1.8
1999-03-22,1.794
1999-03-22,1.824
1999-03-22,1.769
1999-03-22,1.854
1999-03-22,1.74
1999-03-19,1.8
1999-03-19,1.699
1999-03-19,1.765
1999-03-19,1.73
1999-03-19,1.73
1999-03-18,1.721
1999-03-18,1.789
1999-03-18,1.75
1999-03-18,1.687
1999-03-18,1.755
1999-03-17,1.814
1999-03-17,1.781
1999-03-17,1.75
1999-03-17,1.748
1999-03-17,1.844
1999-03-16,1.783
1999-03-16,1.748
1999-03-16,1.813
1999-03-16,1.75
1999-03-16,1.717
1999-03-15,1.755
1999-03-15,1.75
1999-03-15,1.788
1999-03-15,1.818
1999-03-15,1.717
1999-03-12,1.759
1999-03-12,1.85
1999-03-12,1.793
1999-03-12,1.81
1999-03-12,1.823
1999-03-11,1.82
1999-03-11,1.898
1999-03-11,1.87
1999-03-11,1.876
1999-03-11,1.851
1999-03-10,1.979
1999-03-10,1.941
1999-03-10,1.964
1999-03-10,1.994
1999-03-10,1.94
1999-03-09,1.958
1999-03-09,1.928
1999-03-09,1.97
1999-03-09,1.946
1999-03-09,1.86
1999-03-08,1.859
1999-03-08,1.875
1999-03-08,1.897
1999-03-08,1.87
1999-03-08,1.92
1999-03-05,1.894
1999-03-05,1.871
1999-03-05,1.853
1999-03-05,1.74
1999-03-05,1.917
1999-03-04,1.854
1999-03-04,1.819
1999-03-04,1.762
1999-03-04,1.789
1999-03-04,1.72
1999-03-03,1.753
1999-03-03,1.783
1999-03-03,1.723
1999-03-03,1.68
1999-03-03,1.82
1999-03-02,1.76
1999-03-02,1.8
1999-03-02,1.67
1999-03-02,1.73
1999-03-02,1.696
1999-03-01,1.731
1999-03-01,1.761
1999-03-01,1.8
1999-03-01,1.701
1999-03-01,1.65
1999-02-26,1.661
1999-02-26,1.628
1999-02-26,1.63
1999-02-26,1.696
1999-02-26,1.743
1999-02-25,1.774
1999-02-25,1.659
1999-02-25,1.694
1999-02-25,1.734
1999-02-25,1.64
1999-02-24,1.697
1999-02-24,1.767
1999-02-24,1.727
1999-02-24,1.73
1999-02-24,1.666
1999-02-23,1.71
1999-02-23,1.75
1999-02-23,1.775
1999-02-23,1.737
1999-02-23,1.707
1999-02-22,1.702
1999-02-22,1.77
1999-02-22,1.74
1999-02-22,1.704
1999-02-22,1.778
1999-02-19,1.745
1999-02-19,1.79
1999-02-19,1.8
1999-02-19,1.83
1999-02-19,1.765
1999-02-18,1.767
1999-02-18,1.746
1999-02-18,1.8
1999-02-18,1.806
1999-02-18,1.838
1999-02-17,1.8
1999-02-17,1.776
1999-02-17,1.86
1999-02-17,1.833
1999-02-17,1.79
1999-02-16,1.79
1999-02-16,1.821
1999-02-16,1.795
1999-02-16,1.851
1999-02-16,1.874
1999-02-12,1.835
1999-02-12,1.888
1999-02-12,1.82
1999-02-12,1.865
1999-02-12,1.807
1999-02-11,1.911
1999-02-11,1.837
1999-02-11,1.891
1999-02-11,1.78
1999-02-11,1.866
1999-02-10,1.815
1999-02-10,1.775
1999-02-10,1.88
1999-02-10,1.8
1999-02-10,1.852
1999-02-09,1.82
1999-02-09,1.87
1999-02-09,1.893
1999-02-09,1.838
1999-02-09,1.915
1999-02-08,1.81
1999-02-08,1.818
1999-02-08,1.876
1999-02-08,1.9
1999-02-08,1.851
1999-02-05,1.8
1999-02-05,1.89
1999-02-05,1.865
1999-02-05,1.84
1999-02-05,1.81
1999-02-04,1.855
1999-02-04,1.79
1999-02-04,1.882
1999-02-04,1.829
1999-02-04,1.902
1999-02-03,1.805
1999-02-03,1.765
1999-02-03,1.835
1999-02-03,1.8
1999-02-03,1.868
1999-02-02,1.851
1999-02-02,1.907
1999-02-02,1.78
1999-02-02,1.818
1999-02-02,1.878
1999-02-01,1.744
1999-02-01,1.824
1999-02-01,1.784
1999-02-01,1.75
1999-02-01,1.855
1999-01-29,1.777
1999-01-29,1.866
1999-01-29,1.803
1999-01-29,1.83
1999-01-29,1.838
1999-01-28,1.86
1999-01-28,1.89
1999-01-28,1.907
1999-01-28,1.75
1999-01-28,1.922
1999-01-27,1.75
1999-01-27,1.81
1999-01-27,1.851
1999-01-27,1.826
1999-01-27,1.871
1999-01-26,1.824
1999-01-26,1.75
1999-01-26,1.79
1999-01-26,1.73
1999-01-26,1.714
1999-01-25,1.784
1999-01-25,1.714
1999-01-25,1.822
1999-01-25,1.744
1999-01-25,1.76
1999-01-22,1.778
1999-01-22,1.82
1999-01-22,1.865
1999-01-22,1.805
1999-01-22,1.835
1999-01-21,1.85
1999-01-21,1.892
1999-01-21,1.921
1999-01-21,1.908
1999-01-21,1.932
1999-01-20,1.827
1999-01-20,1.856
1999-01-20,1.81
1999-01-20,1.874
1999-01-20,1.839
1999-01-19,1.825
1999-01-19,1.817
1999-01-19,1.77
1999-01-19,1.844
1999-01-19,1.864
1999-01-15,1.86
1999-01-15,1.78
1999-01-15,1.837
1999-01-15,1.822
1999-01-15,1.796
1999-01-14,1.867
1999-01-14,1.832
1999-01-14,1.809
1999-01-14,1.77
1999-01-14,1.845
1999-01-13,1.84
1999-01-13,1.799
1999-01-13,1.814
1999-01-13,1.87
1999-01-13,1.77
1999-01-12,1.85
1999-01-12,1.85
1999-01-12,1.82
1999-01-12,1.869
1999-01-12,1.821
1999-01-11,1.779
1999-01-11,1.809
1999-01-11,1.815
1999-01-11,1.837
1999-01-11,1.83
1999-01-08,1.9
1999-01-08,1.83
1999-01-08,1.849
1999-01-08,1.863
1999-01-08,1.847
1999-01-07,1.865
1999-01-07,1.856
1999-01-07,1.91
1999-01-07,1.847
1999-01-07,1.836
1999-01-06,1.936
1999-01-06,1.928
1999-01-06,1.931
1999-01-06,2.04
1999-01-06,1.916
1999-01-05,2.05
1999-01-05,1.951
1999-01-05,1.975
1999-01-05,1.962
1999-01-05,1.976
1999-01-04,2.003
1999-01-04,2.071
1999-01-04,2.1
1999-01-04,2
1999-01-04,2.053
1998-12-31,1.945
1998-12-31,1.903
1998-12-31,1.95
1998-12-31,1.908
1998-12-31,1.936
1998-12-30,1.879
1998-12-30,1.855
1998-12-30,1.81
1998-12-30,1.886
1998-12-30,1.87
1998-12-29,1.799
1998-12-29,1.82
1998-12-29,1.797
1998-12-29,1.781
1998-12-29,1.765
1998-12-28,1.82
1998-12-28,1.82
1998-12-28,1.79
1998-12-28,1.789
1998-12-28,1.788
1998-12-24,1.881
1998-12-24,1.878
1998-12-24,1.883
1998-12-24,1.89
1998-12-24,1.869
1998-12-23,1.877
1998-12-23,1.895
1998-12-23,1.902
1998-12-23,1.88
1998-12-23,1.906
1998-12-22,1.925
1998-12-22,1.913
1998-12-22,1.92
1998-12-22,1.895
1998-12-22,1.96
1998-12-21,1.945
1998-12-21,2.05
1998-12-21,1.941
1998-12-21,1.947
1998-12-21,1.916
1998-12-18,2.074
1998-12-18,2.063
1998-12-18,2.003
1998-12-18,2.088
1998-12-18,2.02
1998-12-17,2.068
1998-12-17,2.052
1998-12-17,2.064
1998-12-17,2.02
1998-12-17,2
1998-12-16,1.987
1998-12-16,2.012
1998-12-16,1.99
1998-12-16,2.012
1998-12-16,1.95
1998-12-15,1.974
1998-12-15,1.952
1998-12-15,1.991
1998-12-15,1.86
1998-12-15,1.996
1998-12-14,1.975
1998-12-14,1.994
1998-12-14,1.999
1998-12-14,1.8
1998-12-14,1.952
1998-12-11,1.938
1998-12-11,1.923
1998-12-11,1.55
1998-12-11,1.858
1998-12-11,1.94
1998-12-10,1.935
1998-12-10,1.912
1998-12-10,1.935
1998-12-10,1.84
1998-12-10,1.59
1998-12-09,1.847
1998-12-09,1.94
1998-12-09,1.94
1998-12-09,1.64
1998-12-09,1.918
1998-12-08,1.975
1998-12-08,1.913
1998-12-08,1.97
1998-12-08,1.79
1998-12-08,1.96
1998-12-07,2.101
1998-12-07,2.127
1998-12-07,2.119
1998-12-07,2.082
1998-12-07,1.44
1998-12-04,1.05
1998-12-04,2.024
1998-12-04,1.978
1998-12-04,2.01
1998-12-04,2.024
1998-12-03,2.001
1998-12-03,1.99
1998-12-03,1.21
1998-12-03,1.959
1998-12-03,1.998
1998-12-02,1.4
1998-12-02,1.886
1998-12-02,1.948
1998-12-02,1.931
1998-12-02,1.938
1998-12-01,1.958
1998-12-01,1.988
1998-12-01,1.99
1998-12-01,1.41
1998-12-01,1.99
1998-11-30,1.999
1998-11-30,1.63
1998-11-30,1.976
1998-11-30,2.004
1998-11-30,2.005
1998-11-25,2.124
1998-11-25,2.184
1998-11-25,2.196
1998-11-25,2.154
1998-11-25,2.13
1998-11-24,2.08
1998-11-24,2.275
1998-11-24,2.149
1998-11-24,2.19
1998-11-24,2.235
1998-11-23,2.238
1998-11-23,2.208
1998-11-23,2.02
1998-11-23,2.097
1998-11-23,2.178
1998-11-20,2.294
1998-11-20,2.163
1998-11-20,2.21
1998-11-20,2.07
1998-11-20,2.26
1998-11-19,2.324
1998-11-19,2.1
1998-11-19,2.28
1998-11-19,2.23
1998-11-19,2.213
1998-11-18,2.326
1998-11-18,2.1
1998-11-18,2.204
1998-11-18,2.24
1998-11-18,2.295
1998-11-17,2.362
1998-11-17,2.12
1998-11-17,2.406
1998-11-17,2.279
1998-11-17,2.287
1998-11-16,2.19
1998-11-16,2.305
1998-11-16,2.444
1998-11-16,2.4
1998-11-16,2.314
1998-11-13,2.459
1998-11-13,2.505
1998-11-13,2.21
1998-11-13,2.39
1998-11-13,2.576
1998-11-12,2.394
1998-11-12,2.355
1998-11-12,2.522
1998-11-12,2.46
1998-11-12,2.21
1998-11-11,2.557
1998-11-11,2.432
1998-11-11,2.479
1998-11-11,2.33
1998-11-11,2.362
1998-11-10,2.513
1998-11-10,2.3
1998-11-10,2.387
1998-11-10,2.478
1998-11-10,2.603
1998-11-09,2.36
1998-11-09,2.569
1998-11-09,2.28
1998-11-09,2.442
1998-11-09,2.48
1998-11-06,2.25
1998-11-06,2.428
1998-11-06,2.568
1998-11-06,2.668
1998-11-06,2.553
1998-11-05,2.553
1998-11-05,2.26
1998-11-05,2.665
1998-11-05,2.43
1998-11-05,2.565
1998-11-04,2.465
1998-11-04,2.395
1998-11-04,2.355
1998-11-04,2.538
1998-11-04,2.11
1998-11-03,2.515
1998-11-03,2.1
1998-11-03,2.595
1998-11-03,2.436
1998-11-03,2.395
1998-11-02,2.387
1998-11-02,2.472
1998-11-02,2.357
1998-11-02,2.552
1998-11-02,1.84
1998-10-30,2.275
1998-10-30,2
1998-10-30,2.388
1998-10-30,2.29
1998-10-30,2.448
1998-10-29,2.43
1998-10-29,2.508
1998-10-29,2.348
1998-10-29,2
1998-10-29,2.325
1998-10-28,2.405
1998-10-28,1.7
1998-10-28,2.477
1998-10-28,1.972
1998-10-28,2.324
1998-10-27,2.108
1998-10-27,1.85
1998-10-27,2.536
1998-10-27,2.43
1998-10-27,2.371
1998-10-26,2.686
1998-10-26,2.57
1998-10-26,2.298
1998-10-26,2.575
1998-10-26,1.92
1998-10-23,2.464
1998-10-23,1.84
1998-10-23,2.164
1998-10-23,2.427
1998-10-23,2.562
1998-10-22,2.464
1998-10-22,2.434
1998-10-22,2.176
1998-10-22,1.95
1998-10-22,2.564
1998-10-21,2.472
1998-10-21,2.572
1998-10-21,2.18
1998-10-21,2.455
1998-10-21,2.04
1998-10-20,2.483
1998-10-20,2.202
1998-10-20,2.485
1998-10-20,1.95
1998-10-20,2.59
1998-10-19,2.531
1998-10-19,1.74
1998-10-19,2.143
1998-10-19,2.435
1998-10-19,2.42
1998-10-16,2.355
1998-10-16,2.4
1998-10-16,2.109
1998-10-16,1.64
1998-10-16,2.474
1998-10-15,2.347
1998-10-15,2.095
1998-10-15,2.469
1998-10-15,1.75
1998-10-15,2.397
1998-10-14,2.375
1998-10-14,1.8
1998-10-14,2.44
1998-10-14,2.308
1998-10-14,2.041
1998-10-13,1.7
1998-10-13,2.489
1998-10-13,2.41
1998-10-13,2.366
1998-10-13,2.084
1998-10-12,2.382
1998-10-12,1.75
1998-10-12,2.086
1998-10-12,2.415
1998-10-12,2.5
1998-10-09,2.45
1998-10-09,2.191
1998-10-09,2.556
1998-10-09,1.8
1998-10-09,2.45
1998-10-08,2.584
1998-10-08,2.474
1998-10-08,2.02
1998-10-08,2.489
1998-10-08,2.254
1998-10-07,2.535
1998-10-07,2.596
1998-10-07,2.669
1998-10-07,2.05
1998-10-07,2.393
1998-10-06,2.55
1998-10-06,2.494
1998-10-06,2.346
1998-10-06,2.01
1998-10-06,2.624
1998-10-05,2.09
1998-10-05,2.515
1998-10-05,2.593
1998-10-05,2.393
1998-10-05,2.653
1998-10-02,2.523
1998-10-02,2.668
1998-10-02,2.617
1998-10-02,2.432
1998-10-02,2.14
1998-10-01,2.414
1998-10-01,2.031
1998-10-01,2.6
1998-10-01,2.648
1998-10-01,2.33
1998-09-30,2.22
1998-09-30,2.433
1998-09-30,2.537
1998-09-30,2.625
1998-09-30,2.678
1998-09-29,2.555
1998-09-29,2.06
1998-09-29,2.505
1998-09-29,2.347
1998-09-29,2.625
1998-09-28,2.031
1998-09-28,2.585
1998-09-28,2.514
1998-09-28,2.302
1998-09-28,2.23
1998-09-25,2.38
1998-09-25,2.392
1998-09-25,2.595
1998-09-25,2.181
1998-09-25,2.65
1998-09-24,2.655
1998-09-24,2.602
1998-09-24,2.412
1998-09-24,2.17
1998-09-24,2.179
1998-09-23,2.571
1998-09-23,2.131
1998-09-23,2.619
1998-09-23,2.374
1998-09-23,2.19
1998-09-22,2.592
1998-09-22,2.29
1998-09-22,2.417
1998-09-22,2.186
1998-09-22,2.637
1998-09-21,2.577
1998-09-21,2.414
1998-09-21,2.631
1998-09-21,2.187
1998-09-21,2.18
1998-09-18,2.673
1998-09-18,2.474
1998-09-18,2.627
1998-09-18,2.27
1998-09-18,2.26
1998-09-17,2.63
1998-09-17,2.12
1998-09-17,2.569
1998-09-17,2.138
1998-09-17,2.389
1998-09-16,2.241
1998-09-16,2.15
1998-09-16,2.477
1998-09-16,2.647
1998-09-16,2.7
1998-09-15,2.601
1998-09-15,2.667
1998-09-15,2.391
1998-09-15,1.94
1998-09-15,2.123
1998-09-14,2.457
1998-09-14,1.945
1998-09-14,2.214
1998-09-14,1.86
1998-09-14,2.532
1998-09-11,2.388
1998-09-11,1.86
1998-09-11,1.878
1998-09-11,2.475
1998-09-11,2.161
1998-09-10,1.88
1998-09-10,1.958
1998-09-10,2.207
1998-09-10,2.43
1998-09-10,2.505
1998-09-09,2.431
1998-09-09,2.082
1998-09-09,1.833
1998-09-09,1.78
1998-09-09,2.332
1998-09-08,2.455
1998-09-08,2.358
1998-09-08,2.112
1998-09-08,1.81
1998-09-08,1.874
1998-09-04,1.783
1998-09-04,2.287
1998-09-04,1.71
1998-09-04,2.397
1998-09-04,2.012
1998-09-03,1.712
1998-09-03,2.214
1998-09-03,2.334
1998-09-03,1.936
1998-09-03,1.71
1998-09-02,1.72
1998-09-02,2.157
1998-09-02,1.88
1998-09-02,1.652
1998-09-02,2.29
1998-09-01,2.256
1998-09-01,1.786
1998-09-01,2.382
1998-09-01,1.994
1998-09-01,1.84
1998-08-31,1.61
1998-08-31,1.979
1998-08-31,2.25
1998-08-31,1.752
1998-08-31,2.383
1998-08-28,1.921
1998-08-28,2.335
1998-08-28,1.664
1998-08-28,1.66
1998-08-28,2.205
1998-08-27,1.716
1998-08-27,1.672
1998-08-27,1.76
1998-08-27,1.973
1998-08-27,2.253
1998-08-26,2.305
1998-08-26,1.79
1998-08-26,2.042
1998-08-26,1.83
1998-08-26,1.762
1998-08-25,1.828
1998-08-25,2.092
1998-08-25,1.89
1998-08-25,2.345
1998-08-25,1.857
1998-08-24,2.395
1998-08-24,1.9
1998-08-24,1.926
1998-08-24,2.155
1998-08-24,1.95
1998-08-21,2.421
1998-08-21,1.93
1998-08-21,1.981
1998-08-21,1.947
1998-08-21,2.183
1998-08-20,2.433
1998-08-20,2.193
1998-08-20,1.953
1998-08-20,1.978
1998-08-20,1.9
1998-08-19,1.917
1998-08-19,1.941
1998-08-19,2.172
1998-08-19,2.417
1998-08-19,1.96
1998-08-18,2.485
1998-08-18,1.983
1998-08-18,1.94
1998-08-18,2.242
1998-08-18,2.007
1998-08-17,2.285
1998-08-17,1.93
1998-08-17,2.525
1998-08-17,2.063
1998-08-17,2.041
1998-08-14,1.83
1998-08-14,1.877
1998-08-14,2.432
1998-08-14,1.917
1998-08-14,2.167
1998-08-13,2.132
1998-08-13,2.405
1998-08-13,1.866
1998-08-13,1.817
1998-08-13,1.83
1998-08-12,1.864
1998-08-12,2.134
1998-08-12,2.414
1998-08-12,1.85
1998-08-12,1.819
1998-08-11,2.136
1998-08-11,1.812
1998-08-11,1.856
1998-08-11,2.421
1998-08-11,1.87
1998-08-10,1.938
1998-08-10,1.895
1998-08-10,1.87
1998-08-10,2.208
1998-08-10,2.478
1998-08-07,2.166
1998-08-07,1.881
1998-08-07,1.833
1998-08-07,2.446
1998-08-07,1.82
1998-08-06,2.451
1998-08-06,2.17
1998-08-06,1.831
1998-08-06,1.879
1998-08-06,1.85
1998-08-05,2.487
1998-08-05,1.91
1998-08-05,1.929
1998-08-05,1.873
1998-08-05,2.208
1998-08-04,2.504
1998-08-04,2.224
1998-08-04,1.9
1998-08-04,1.895
1998-08-04,1.947
1998-08-03,1.926
1998-08-03,2.477
1998-08-03,1.84
1998-08-03,1.869
1998-08-03,2.197
1998-07-31,2.467
1998-07-31,1.85
1998-07-31,2.182
1998-07-31,1.844
1998-07-31,1.908
1998-07-30,2.497
1998-07-30,1.959
1998-07-30,2.217
1998-07-30,1.95
1998-07-30,1.906
1998-07-29,1.933
1998-07-29,1.982
1998-07-29,1.942
1998-07-29,2.235
1998-07-29,1.99
1998-07-28,1.97
1998-07-28,1.952
1998-07-28,2.245
1998-07-28,1.935
1998-07-28,1.985
1998-07-27,1.965
1998-07-27,1.959
1998-07-27,2.271
1998-07-27,2
1998-07-27,2.008
1998-07-24,2.31
1998-07-24,2.065
1998-07-24,2.031
1998-07-24,2.028
1998-07-24,1.97
1998-07-23,1.941
1998-07-23,2
1998-07-23,1.948
1998-07-23,2.255
1998-07-23,1.996
1998-07-22,2
1998-07-22,1.989
1998-07-22,2.254
1998-07-22,1.927
1998-07-22,1.934
1998-07-21,2.09
1998-07-21,2.255
1998-07-21,2
1998-07-21,1.945
1998-07-21,1.951
1998-07-20,2.1
1998-07-20,2.18
1998-07-20,2.123
1998-07-20,2.348
1998-07-20,2.095
1998-07-17,2.15
1998-07-17,2.174
1998-07-17,2.4
1998-07-17,2.165
1998-07-17,2.195
1998-07-16,2.375
1998-07-16,2.146
1998-07-16,2.15
1998-07-16,2.132
1998-07-16,2.169
1998-07-15,2.231
1998-07-15,2.253
1998-07-15,2.463
1998-07-15,2.281
1998-07-15,2.21
1998-07-14,2.291
1998-07-14,2.32
1998-07-14,2.487
1998-07-14,2.266
1998-07-14,2.23
1998-07-13,2.28
1998-07-13,2.32
1998-07-13,2.249
1998-07-13,2.3
1998-07-13,2.486
1998-07-10,2.531
1998-07-10,2.32
1998-07-10,2.336
1998-07-10,2.369
1998-07-10,2.309
1998-07-09,2.568
1998-07-09,2.38
1998-07-09,2.41
1998-07-09,2.349
1998-07-09,2.378
1998-07-08,2.39
1998-07-08,2.399
1998-07-08,2.58
1998-07-08,2.366
1998-07-08,2.427
1998-07-07,2.576
1998-07-07,2.35
1998-07-07,2.396
1998-07-07,2.423
1998-07-07,2.365
1998-07-06,2.392
1998-07-06,2.365
1998-07-06,2.413
1998-07-06,2.38
1998-07-06,2.568
1998-07-02,2.467
1998-07-02,2.36
1998-07-02,2.439
1998-07-02,2.482
1998-07-02,2.623
1998-07-01,2.627
1998-07-01,2.45
1998-07-01,2.471
1998-07-01,2.46
1998-07-01,2.487
1998-06-30,2.39
1998-06-30,2.645
1998-06-30,2.492
1998-06-30,2.469
1998-06-30,2.505
1998-06-29,2.389
1998-06-29,2.36
1998-06-29,2.429
1998-06-29,2.409
1998-06-29,2.589
1998-06-26,2.433
1998-06-26,2.358
1998-06-26,2.4
1998-06-26,2.458
1998-06-26,2.423
1998-06-25,2.394
1998-06-25,2.43
1998-06-25,2.39
1998-06-25,2.364
1998-06-25,2.405
1998-06-24,2.367
1998-06-24,2.405
1998-06-24,2.38
1998-06-24,2.336
1998-06-24,2.4
1998-06-23,2.445
1998-06-23,2.35
1998-06-23,2.391
1998-06-23,2.47
1998-06-23,2.438
1998-06-22,2.393
1998-06-22,2.362
1998-06-22,2.404
1998-06-22,2.428
1998-06-22,2.35
1998-06-19,2.35
1998-06-19,2.315
1998-06-19,2.325
1998-06-19,2.2
1998-06-19,2.284
1998-06-18,2.187
1998-06-18,2.232
1998-06-18,2.164
1998-06-18,2.14
1998-06-18,2.144
1998-06-17,2.197
1998-06-17,2.174
1998-06-17,2.207
1998-06-17,2.05
1998-06-17,2.27
1998-06-16,2.1
1998-06-16,2.057
1998-06-16,1.989
1998-06-16,2.122
1998-06-16,2.021
1998-06-15,2.232
1998-06-15,2.08
1998-06-15,2.1
1998-06-15,2.141
1998-06-15,2.176
1998-06-12,2.11
1998-06-12,2.074
1998-06-12,2.035
1998-06-12,2.172
1998-06-12,2.01
1998-06-11,2.002
1998-06-11,2.117
1998-06-11,1.99
1998-06-11,1.97
1998-06-11,2.049
1998-06-10,1.964
1998-06-10,2.085
1998-06-10,1.98
1998-06-10,1.93
1998-06-10,2.016
1998-06-09,1.938
1998-06-09,2.09
1998-06-09,2.01
1998-06-09,2.026
1998-06-09,1.973
1998-06-08,2.129
1998-06-08,2.072
1998-06-08,2
1998-06-08,2.02
1998-06-08,1.976
1998-06-05,2.173
1998-06-05,2.027
1998-06-05,2.117
1998-06-05,2.01
1998-06-05,2.071
1998-06-04,2.118
1998-06-04,2.02
1998-06-04,2.173
1998-06-04,2.04
1998-06-04,2.068
1998-06-03,2.198
1998-06-03,2.106
1998-06-03,2.13
1998-06-03,2.154
1998-06-03,2.25
1998-06-02,2.2
1998-06-02,2.156
1998-06-02,2.233
1998-06-02,2.283
1998-06-02,2.201
1998-06-01,2.305
1998-06-01,2.1
1998-06-01,2.23
1998-06-01,2.191
1998-06-01,2.257
1998-05-29,2.235
1998-05-29,2.205
1998-05-29,2.287
1998-05-29,2.1
1998-05-29,2.17
1998-05-28,2.124
1998-05-28,2.04
1998-05-28,2.233
1998-05-28,2.168
1998-05-28,2.071
1998-05-27,2.1
1998-05-27,2.017
1998-05-27,2.1
1998-05-27,2.046
1998-05-27,2.146
1998-05-26,2.213
1998-05-26,2.168
1998-05-26,2.118
1998-05-26,2.095
1998-05-26,2.1
1998-05-22,2.124
1998-05-22,2.094
1998-05-22,2.22
1998-05-22,2.02
1998-05-22,2.174
1998-05-21,2.067
1998-05-21,2.105
1998-05-21,2.16
1998-05-21,2.11
1998-05-21,2.21
1998-05-20,2.295
1998-05-20,2.18
1998-05-20,2.169
1998-05-20,2.252
1998-05-20,2.203
1998-05-19,2.279
1998-05-19,2.149
1998-05-19,2.235
1998-05-19,2.185
1998-05-19,2.17
1998-05-18,2.274
1998-05-18,2.19
1998-05-18,2.174
1998-05-18,2.134
1998-05-18,2.231
1998-05-15,2.276
1998-05-15,2.18
1998-05-15,2.314
1998-05-15,2.223
1998-05-15,2.178
1998-05-14,2.328
1998-05-14,2.2
1998-05-14,2.243
1998-05-14,2.18
1998-05-14,2.293
1998-05-13,2.251
1998-05-13,2.24
1998-05-13,2.204
1998-05-13,2.308
1998-05-13,2.345
1998-05-12,2.385
1998-05-12,2.309
1998-05-12,2.357
1998-05-12,2.23
1998-05-12,2.256
1998-05-11,2.27
1998-05-11,2.215
1998-05-11,2.19
1998-05-11,2.32
1998-05-11,2.35
1998-05-08,2.317
1998-05-08,2.11
1998-05-08,2.167
1998-05-08,2.277
1998-05-08,2.227
1998-05-07,2.159
1998-05-07,2.267
1998-05-07,2.16
1998-05-07,2.305
1998-05-07,2.218
1998-05-06,2.12
1998-05-06,2.135
1998-05-06,2.245
1998-05-06,2.193
1998-05-06,2.28
1998-05-05,2.19
1998-05-05,2.271
1998-05-05,2.321
1998-05-05,2.215
1998-05-05,2.344
1998-05-04,2.37
1998-05-04,2.35
1998-05-04,2.306
1998-05-04,2.1
1998-05-04,2.257
1998-05-01,2.3
1998-05-01,2.11
1998-05-01,2.256
1998-05-01,2.202
1998-05-01,2.262
1998-04-30,2.305
1998-04-30,2.18
1998-04-30,2.221
1998-04-30,2.267
1998-04-30,2.317
1998-04-29,2.298
1998-04-29,2.29
1998-04-29,2.333
1998-04-29,2.36
1998-04-29,2.36
1998-04-28,2.311
1998-04-28,2.343
1998-04-28,2.373
1998-04-28,2.262
1998-04-28,2.27
1998-04-27,2.285
1998-04-27,2.266
1998-04-27,2.322
1998-04-27,2.355
1998-04-27,2.29
1998-04-24,2.432
1998-04-24,2.41
1998-04-24,2.342
1998-04-24,2.373
1998-04-24,2.31
1998-04-23,2.408
1998-04-23,2.328
1998-04-23,2.368
1998-04-23,2.428
1998-04-23,2.35
1998-04-22,2.488
1998-04-22,2.46
1998-04-22,2.398
1998-04-22,2.503
1998-04-22,2.443
1998-04-21,2.561
1998-04-21,2.46
1998-04-21,2.638
1998-04-21,2.643
1998-04-21,2.613
1998-04-20,2.515
1998-04-20,2.4
1998-04-20,2.553
1998-04-20,2.543
1998-04-20,2.469
1998-04-17,2.553
1998-04-17,2.4
1998-04-17,2.475
1998-04-17,2.543
1998-04-17,2.518
1998-04-16,2.479
1998-04-16,2.545
1998-04-16,2.552
1998-04-16,2.519
1998-04-16,2.48
1998-04-15,2.48
1998-04-15,2.587
1998-04-15,2.558
1998-04-15,2.521
1998-04-15,2.582
1998-04-14,2.533
1998-04-14,2.501
1998-04-14,2.557
1998-04-14,2.561
1998-04-14,2.42
1998-04-13,2.52
1998-04-13,2.514
1998-04-13,2.543
1998-04-13,2.479
1998-04-13,2.543
1998-04-09,2.693
1998-04-09,2.688
1998-04-09,2.61
1998-04-09,2.693
1998-04-09,2.657
1998-04-08,2.718
1998-04-08,2.689
1998-04-08,2.721
1998-04-08,2.723
1998-04-08,2.65
1998-04-07,2.699
1998-04-07,2.51
1998-04-07,2.699
1998-04-07,2.694
1998-04-07,2.668
1998-04-06,2.566
1998-04-06,2.51
1998-04-06,2.58
1998-04-06,2.585
1998-04-06,2.535
1998-04-03,2.59
1998-04-03,2.585
1998-04-03,2.576
1998-04-03,2.51
1998-04-03,2.556
1998-04-02,2.584
1998-04-02,2.43
1998-04-02,2.594
1998-04-02,2.599
1998-04-02,2.562
1998-04-01,2.551
1998-04-01,2.545
1998-04-01,2.533
1998-04-01,2.45
1998-04-01,2.501
1998-03-31,2.583
1998-03-31,2.34
1998-03-31,2.557
1998-03-31,2.574
1998-03-31,2.522
1998-03-30,2.477
1998-03-30,2.465
1998-03-30,2.32
1998-03-30,2.409
1998-03-30,2.449
1998-03-27,2.385
1998-03-27,2.405
1998-03-27,2.352
1998-03-27,2.26
1998-03-27,2.3
1998-03-26,2.407
1998-03-26,2.29
1998-03-26,2.425
1998-03-26,2.38
1998-03-26,2.338
1998-03-25,2.33
1998-03-25,2.427
1998-03-25,2.365
1998-03-25,2.442
1998-03-25,2.404
1998-03-24,2.33
1998-03-24,2.367
1998-03-24,2.387
1998-03-24,2.399
1998-03-24,2.29
1998-03-23,2.351
1998-03-23,2.402
1998-03-23,2.33
1998-03-23,2.412
1998-03-23,2.387
1998-03-20,2.39
1998-03-20,2.368
1998-03-20,2.28
1998-03-20,2.343
1998-03-20,2.379
1998-03-19,2.336
1998-03-19,2.25
1998-03-19,2.346
1998-03-19,2.316
1998-03-19,2.3
1998-03-18,2.21
1998-03-18,2.258
1998-03-18,2.239
1998-03-18,2.277
1998-03-18,2.295
1998-03-17,2.235
1998-03-17,2.182
1998-03-17,2.2
1998-03-17,2.155
1998-03-17,2.207
1998-03-16,2.181
1998-03-16,2.238
1998-03-16,2.2
1998-03-16,2.155
1998-03-16,2.208
1998-03-13,2.2
1998-03-13,2.17
1998-03-13,2.23
1998-03-13,2.137
1998-03-13,2.21
1998-03-12,2.23
1998-03-12,2.23
1998-03-12,2.134
1998-03-12,2.2
1998-03-12,2.169
1998-03-11,2.206
1998-03-11,2.258
1998-03-11,2.233
1998-03-11,2.25
1998-03-11,2.172
1998-03-10,2.209
1998-03-10,2.239
1998-03-10,2.25
1998-03-10,2.179
1998-03-10,2.137
1998-03-09,2.17
1998-03-09,2.269
1998-03-09,2.169
1998-03-09,2.241
1998-03-09,2.214
1998-03-06,2.24
1998-03-06,2.129
1998-03-06,2.17
1998-03-06,2.1
1998-03-06,2.205
1998-03-05,2.25
1998-03-05,2.12
1998-03-05,2.141
1998-03-05,2.215
1998-03-05,2.18
1998-03-04,2.19
1998-03-04,2.228
1998-03-04,2.31
1998-03-04,2.263
1998-03-04,2.287
1998-03-03,2.241
1998-03-03,2.317
1998-03-03,2.273
1998-03-03,2.24
1998-03-03,2.295
1998-03-02,2.292
1998-03-02,2.335
1998-03-02,2.26
1998-03-02,2.353
1998-03-02,2.317
1998-02-27,2.339
1998-02-27,2.23
1998-02-27,2.321
1998-02-27,2.354
1998-02-27,2.368
1998-02-26,2.34
1998-02-26,2.284
1998-02-26,2.325
1998-02-26,2.28
1998-02-26,2.31
1998-02-25,2.333
1998-02-25,2.343
1998-02-25,2.318
1998-02-25,2.286
1998-02-25,2.21
1998-02-24,2.262
1998-02-24,2.284
1998-02-24,2.216
1998-02-24,2.296
1998-02-24,2.19
1998-02-23,2.179
1998-02-23,2.257
1998-02-23,2.275
1998-02-23,2.227
1998-02-23,2.2
1998-02-20,2.24
1998-02-20,2.198
1998-02-20,2.2
1998-02-20,2.288
1998-02-20,2.27
1998-02-19,2.217
1998-02-19,2.289
1998-02-19,2.307
1998-02-19,2.259
1998-02-19,2.22
1998-02-18,2.238
1998-02-18,2.283
1998-02-18,2.31
1998-02-18,2.327
1998-02-18,2.19
1998-02-17,2.207
1998-02-17,2.245
1998-02-17,2.18
1998-02-17,2.166
1998-02-17,2.265
1998-02-13,2.277
1998-02-13,2.292
1998-02-13,2.247
1998-02-13,2.22
1998-02-13,2.208
1998-02-12,2.331
1998-02-12,2.2
1998-02-12,2.288
1998-02-12,2.35
1998-02-12,2.36
1998-02-11,2.277
1998-02-11,2.3
1998-02-11,2.21
1998-02-11,2.238
1998-02-11,2.312
1998-02-10,2.327
1998-02-10,2.18
1998-02-10,2.268
1998-02-10,2.3
1998-02-10,2.32
1998-02-09,2.221
1998-02-09,2.274
1998-02-09,2.254
1998-02-09,2.285
1998-02-09,2.25
1998-02-06,2.359
1998-02-06,2.369
1998-02-06,2.366
1998-02-06,2.373
1998-02-06,2.35
1998-02-05,2.382
1998-02-05,2.382
1998-02-05,2.31
1998-02-05,2.383
1998-02-05,2.382
1998-02-04,2.313
1998-02-04,2.33
1998-02-04,2.23
1998-02-04,2.323
1998-02-04,2.299
1998-02-03,2.307
1998-02-03,2.338
1998-02-03,2.331
1998-02-03,2.27
1998-02-03,2.321
1998-02-02,2.358
1998-02-02,2.23
1998-02-02,2.353
1998-02-02,2.348
1998-02-02,2.329
1998-01-30,2.305
1998-01-30,2.09
1998-01-30,2.257
1998-01-30,2.283
1998-01-30,2.295
1998-01-29,2.101
1998-01-29,2.07
1998-01-29,2.171
1998-01-29,2.196
1998-01-29,2.141
1998-01-28,2.123
1998-01-28,2.09
1998-01-28,2.001
1998-01-28,2.083
1998-01-28,2.043
1998-01-27,2.062
1998-01-27,2.102
1998-01-27,2.137
1998-01-27,2.06
1998-01-27,2.042
1998-01-26,2.073
1998-01-26,2.09
1998-01-26,2.064
1998-01-26,2.115
1998-01-23,2.117
1998-01-23,2.155
1998-01-23,2.125
1998-01-23,2.178
1998-01-23,2.14
1998-01-22,2.161
1998-01-22,2.171
1998-01-22,2.16
1998-01-22,2.1
1998-01-22,2.186
1998-01-21,2.135
1998-01-21,2.084
1998-01-21,2.11
1998-01-21,2.086
1998-01-21,2.09
1998-01-20,2.135
1998-01-20,2.12
1998-01-20,2.102
1998-01-20,2.12
1998-01-20,2.115
1998-01-16,2.155
1998-01-16,2.155
1998-01-16,2.159
1998-01-16,2.11
1998-01-16,2.176
1998-01-15,2.085
1998-01-15,2.07
1998-01-15,2.094
1998-01-15,2.105
1998-01-15,2.094
1998-01-14,2.05
1998-01-14,2.016
1998-01-14,2.051
1998-01-14,2.036
1998-01-14,2.02
1998-01-13,2.012
1998-01-13,2.023
1998-01-13,2.039
1998-01-13,2.014
1998-01-13,2.03
1998-01-12,2.004
1998-01-12,2.002
1998-01-12,2.017
1998-01-12,2.032
1998-01-12,2.01
1998-01-09,2.046
1998-01-09,2.058
1998-01-09,2.043
1998-01-09,2.046
1998-01-09,2.09
1998-01-08,2.051
1998-01-08,2.11
1998-01-08,2.055
1998-01-08,2.046
1998-01-08,2.043
1998-01-07,2.102
1998-01-07,2.102
1998-01-07,2.145
1998-01-07,2.134
1998-01-07,2.13
1998-01-06,2.182
1998-01-06,2.118
1998-01-06,2.12
1998-01-06,2.166
1998-01-06,2.16
1998-01-05,2.193
1998-01-05,2.05
1998-01-05,2.207
1998-01-05,2.141
1998-01-05,2.136
1998-01-02,2.11
1998-01-02,2.153
1998-01-02,2.144
1998-01-02,2.16
1998-01-02,2.105
1997-12-31,2.27
1997-12-31,2.165
1997-12-31,2.23
1997-12-31,2.264
1997-12-31,2.175
1997-12-30,2.15
1997-12-30,2.203
1997-12-30,2.235
1997-12-30,2.155
1997-12-30,2.27
1997-12-29,2.19
1997-12-29,2.309
1997-12-29,2.24
1997-12-29,2.33
1997-12-29,2.28
1997-12-26,2.243
1997-12-26,2.18
1997-12-26,2.252
1997-12-26,2.169
1997-12-26,2.219
1997-12-24,2.206
1997-12-24,2.246
1997-12-24,2.239
1997-12-24,2.15
1997-12-24,2.06
1997-12-23,2.208
1997-12-23,2.24
1997-12-23,2.176
1997-12-23,2.12
1997-12-23,2.216
1997-12-22,2.187
1997-12-22,2.253
1997-12-22,2.36
1997-12-22,2.367
1997-12-22,2.302
1997-12-19,2.471
1997-12-19,2.39
1997-12-19,2.344
1997-12-19,2.255
1997-12-19,2.421
1997-12-18,2.233
1997-12-18,2.356
1997-12-18,2.298
1997-12-18,2.37
1997-12-18,2.412
1997-12-17,2.333
1997-12-17,2.245
1997-12-17,2.401
1997-12-17,2.438
1997-12-17,2.38
1997-12-16,2.299
1997-12-16,2.409
1997-12-16,2.369
1997-12-16,2.29
1997-12-16,2.22
1997-12-15,2.273
1997-12-15,2.25
1997-12-15,2.233
1997-12-15,2.178
1997-12-15,2.307
1997-12-12,2.357
1997-12-12,2.3
1997-12-12,2.267
1997-12-12,2.319
1997-12-12,2.194
1997-12-11,2.27
1997-12-11,2.326
1997-12-11,2.3
1997-12-11,2.192
1997-12-11,2.343
1997-12-10,2.354
1997-12-10,2.302
1997-12-10,2.217
1997-12-10,2.355
1997-12-10,2.45
1997-12-09,2.526
1997-12-09,2.35
1997-12-09,2.372
1997-12-09,2.26
1997-12-09,2.477
1997-12-08,2.422
1997-12-08,2.31
1997-12-08,2.393
1997-12-08,2.21
1997-12-08,2.3
1997-12-05,2.192
1997-12-05,2.302
1997-12-05,2.453
1997-12-05,2.42
1997-12-05,2.399
1997-12-04,2.456
1997-12-04,2.48
1997-12-04,2.185
1997-12-04,2.397
1997-12-04,2.295
1997-12-03,2.37
1997-12-03,2.53
1997-12-03,2.23
1997-12-03,2.51
1997-12-03,2.609
1997-12-02,2.275
1997-12-02,2.61
1997-12-02,2.44
1997-12-02,2.718
1997-12-02,2.617
1997-12-01,2.768
1997-12-01,2.644
1997-12-01,2.52
1997-12-01,2.274
1997-12-01,2.449
1997-11-26,2.578
1997-11-26,2.5
1997-11-26,2.21
1997-11-26,2.487
1997-11-26,2.337
1997-11-25,2.387
1997-11-25,2.539
1997-11-25,2.51
1997-11-25,2.245
1997-11-25,2.66
1997-11-24,2.682
1997-11-24,2.55
1997-11-24,2.63
1997-11-24,2.577
1997-11-24,2.393
1997-11-21,2.597
1997-11-21,2.762
1997-11-21,2.423
1997-11-21,2.767
1997-11-21,2.59
1997-11-20,2.39
1997-11-20,2.708
1997-11-20,2.55
1997-11-20,2.712
1997-11-20,2.77
1997-11-19,2.468
1997-11-19,2.97
1997-11-19,2.861
1997-11-19,2.683
1997-11-19,2.884
1997-11-18,2.752
1997-11-18,2.515
1997-11-18,2.949
1997-11-18,2.966
1997-11-18,3
1997-11-17,3.1
1997-11-17,2.97
1997-11-17,2.751
1997-11-17,2.501
1997-11-17,2.97
1997-11-14,3.052
1997-11-14,3.25
1997-11-14,2.812
1997-11-14,2.532
1997-11-14,3.029
1997-11-13,3.251
1997-11-13,2.96
1997-11-13,2.63
1997-11-13,3.269
1997-11-13,3.27
1997-11-12,2.69
1997-11-12,3.477
1997-11-12,3.07
1997-11-12,3.28
1997-11-12,3.458
1997-11-11,3.474
1997-11-11,3.26
1997-11-11,3.495
1997-11-11,3.08
1997-11-11,2.695
1997-11-10,3.2
1997-11-10,3.433
1997-11-10,3.421
1997-11-10,3.053
1997-11-10,2.685
1997-11-07,2.635
1997-11-07,3.256
1997-11-07,3.254
1997-11-07,3.05
1997-11-07,2.96
1997-11-06,2.65
1997-11-06,3.2
1997-11-06,3.392
1997-11-06,3.352
1997-11-06,2.992
1997-11-05,3.18
1997-11-05,2.68
1997-11-05,3.468
1997-11-05,3.022
1997-11-05,3.412
1997-11-04,3.15
1997-11-04,3.423
1997-11-04,2.645
1997-11-04,2.98
1997-11-04,3.368
1997-11-03,3.371
1997-11-03,3.318
1997-11-03,2.595
1997-11-03,2.93
1997-11-03,3.23
1997-10-31,3.552
1997-10-31,3.052
1997-10-31,3.474
1997-10-31,2.665
1997-10-31,3.22
1997-10-30,2.64
1997-10-30,3.021
1997-10-30,3.478
1997-10-30,3.436
1997-10-30,3.34
1997-10-29,3.387
1997-10-29,2.977
1997-10-29,3.45
1997-10-29,3.266
1997-10-29,3.475
1997-10-28,2.96
1997-10-28,3.467
1997-10-28,3.389
1997-10-28,3.486
1997-10-28,3.61
1997-10-27,3.836
1997-10-27,3.46
1997-10-27,3.689
1997-10-27,3.785
1997-10-27,3.189
1997-10-24,3.09
1997-10-24,3.539
1997-10-24,3.548
1997-10-24,3.642
1997-10-24,3.29
1997-10-23,3.429
1997-10-23,3.34
1997-10-23,3.527
1997-10-23,3.449
1997-10-23,3.054
1997-10-22,3.633
1997-10-22,3.138
1997-10-22,3.558
1997-10-22,3.537
1997-10-22,3.24
1997-10-21,3.468
1997-10-21,3.073
1997-10-21,3.494
1997-10-21,3.404
1997-10-21,3.13
1997-10-20,3.05
1997-10-20,3.475
1997-10-20,3.05
1997-10-20,3.39
1997-10-20,3.435
1997-10-17,3.288
1997-10-17,2.964
1997-10-17,3.314
1997-10-17,2.97
1997-10-17,3.353
1997-10-16,3.247
1997-10-16,2.94
1997-10-16,2.94
1997-10-16,3.264
1997-10-16,3.329
1997-10-15,2.84
1997-10-15,3.114
1997-10-15,3.039
1997-10-15,2.808
1997-10-15,3.131
1997-10-14,3.084
1997-10-14,2.84
1997-10-14,3.006
1997-10-14,2.775
1997-10-14,3.108
1997-10-13,2.784
1997-10-13,3.114
1997-10-13,2.87
1997-10-13,3.14
1997-10-13,3.033
1997-10-10,3.141
1997-10-10,3.082
1997-10-10,2.814
1997-10-10,3.186
1997-10-10,2.78
1997-10-09,3.027
1997-10-09,2.8
1997-10-09,2.926
1997-10-09,3.003
1997-10-09,2.7
1997-10-08,2.68
1997-10-08,2.915
1997-10-08,2.99
1997-10-08,3.012
1997-10-08,2.8
1997-10-07,2.981
1997-10-07,2.955
1997-10-07,2.65
1997-10-07,2.877
1997-10-07,2.81
1997-10-06,3.033
1997-10-06,2.96
1997-10-06,3.074
1997-10-06,2.717
1997-10-06,2.979
1997-10-03,3.204
1997-10-03,2.91
1997-10-03,3.125
1997-10-03,2.807
1997-10-03,3.153
1997-10-02,2.807
1997-10-02,3.188
1997-10-02,3.113
1997-10-02,2.97
1997-10-02,3.145
1997-10-01,3.188
1997-10-01,3.124
1997-10-01,2.805
1997-10-01,3.08
1997-10-01,3.146
1997-09-30,3.12
1997-09-30,2.772
1997-09-30,3.156
1997-09-30,3.082
1997-09-30,2.96
1997-09-29,2.754
1997-09-29,3.084
1997-09-29,3.098
1997-09-29,3.015
1997-09-29,3.09
1997-09-26,3.304
1997-09-26,3.264
1997-09-26,3.27
1997-09-26,3.24
1997-09-26,3.346
1997-09-25,3.29
1997-09-25,3.326
1997-09-25,3.298
1997-09-25,3.337
1997-09-25,3.05
1997-09-24,3.14
1997-09-24,3.085
1997-09-24,3.03
1997-09-24,3.019
1997-09-24,3.176
1997-09-23,3.189
1997-09-23,3.048
1997-09-23,3.09
1997-09-23,3.099
1997-09-23,3.154
1997-09-22,2.993
1997-09-22,2.98
1997-09-22,3.062
1997-09-22,3.143
1997-09-22,3.114
1997-09-19,2.837
1997-09-19,2.94
1997-09-19,3.02
1997-09-19,3.004
1997-09-19,2.93
1997-09-18,2.84
1997-09-18,2.887
1997-09-18,3.063
1997-09-18,3.045
1997-09-18,2.989
1997-09-17,2.75
1997-09-17,2.683
1997-09-17,2.91
1997-09-17,2.913
1997-09-17,2.805
1997-09-16,2.944
1997-09-16,2.938
1997-09-16,2.83
1997-09-16,2.722
1997-09-16,2.839
1997-09-15,2.88
1997-09-15,2.786
1997-09-15,2.912
1997-09-15,3.008
1997-09-15,2.995
1997-09-12,2.86
1997-09-12,3.017
1997-09-12,3
1997-09-12,2.795
1997-09-12,2.93
1997-09-11,2.766
1997-09-11,2.908
1997-09-11,2.997
1997-09-11,2.979
1997-09-11,2.78
1997-09-10,2.845
1997-09-10,2.928
1997-09-10,2.74
1997-09-10,2.702
1997-09-10,2.916
1997-09-09,2.699
1997-09-09,2.928
1997-09-09,2.921
1997-09-09,2.842
1997-09-09,2.74
1997-09-08,2.688
1997-09-08,2.911
1997-09-08,2.913
1997-09-08,2.828
1997-09-08,2.67
1997-09-05,2.914
1997-09-05,2.914
1997-09-05,2.697
1997-09-05,2.822
1997-09-05,2.67
1997-09-04,2.677
1997-09-04,2.73
1997-09-04,2.913
1997-09-04,2.911
1997-09-04,2.808
1997-09-03,2.925
1997-09-03,2.807
1997-09-03,3.015
1997-09-03,2.86
1997-09-03,3.015
1997-09-02,2.902
1997-09-02,2.82
1997-09-02,2.992
1997-09-02,2.793
1997-09-02,2.99
1997-08-29,2.69
1997-08-29,2.822
1997-08-29,2.92
1997-08-29,2.92
1997-08-29,2.714
1997-08-28,2.57
1997-08-28,2.656
1997-08-28,2.86
1997-08-28,2.86
1997-08-28,2.765
1997-08-27,2.732
1997-08-27,2.482
1997-08-27,2.51
1997-08-27,2.625
1997-08-27,2.515
1997-08-26,2.64
1997-08-26,2.514
1997-08-26,2.503
1997-08-26,2.747
1997-08-26,2.58
1997-08-25,2.735
1997-08-25,2.49
1997-08-25,2.53
1997-08-25,2.489
1997-08-25,2.623
1997-08-22,2.475
1997-08-22,2.47
1997-08-22,2.453
1997-08-22,2.61
1997-08-22,2.725
1997-08-21,2.662
1997-08-21,2.367
1997-08-21,2.532
1997-08-21,2.45
1997-08-21,2.398
1997-08-20,2.449
1997-08-20,2.604
1997-08-20,2.62
1997-08-20,2.478
1997-08-20,2.73
1997-08-19,2.792
1997-08-19,2.61
1997-08-19,2.528
1997-08-19,2.532
1997-08-19,2.662
1997-08-18,2.705
1997-08-18,2.426
1997-08-18,2.56
1997-08-18,2.58
1997-08-18,2.445
1997-08-15,2.594
1997-08-15,2.7
1997-08-15,2.53
1997-08-15,2.432
1997-08-15,2.464
1997-08-14,2.665
1997-08-14,2.428
1997-08-14,2.56
1997-08-14,2.57
1997-08-14,2.457
1997-08-13,2.493
1997-08-13,2.588
1997-08-13,2.472
1997-08-13,2.693
1997-08-13,2.45
1997-08-12,2.478
1997-08-12,2.56
1997-08-12,2.475
1997-08-12,2.684
1997-08-12,2.573
1997-08-11,2.745
1997-08-11,2.53
1997-08-11,2.586
1997-08-11,2.578
1997-08-11,2.65
1997-08-08,2.693
1997-08-08,2.595
1997-08-08,2.515
1997-08-08,2.503
1997-08-08,2.38
1997-08-07,2.444
1997-08-07,2.5
1997-08-07,2.452
1997-08-07,2.632
1997-08-07,2.532
1997-08-06,2.351
1997-08-06,2.555
1997-08-06,2.38
1997-08-06,2.356
1997-08-06,2.454
1997-08-05,2.381
1997-08-05,2.576
1997-08-05,2.374
1997-08-05,2.33
1997-08-05,2.476
1997-08-04,2.463
1997-08-04,2.374
1997-08-04,2.565
1997-08-04,2.26
1997-08-04,2.368
1997-08-01,2.239
1997-08-01,2.24
1997-08-01,2.245
1997-08-01,2.36
1997-08-01,2.161
1997-07-31,2.23
1997-07-31,2.435
1997-07-31,2.177
1997-07-31,2.176
1997-07-31,2.303
1997-07-30,2.422
1997-07-30,2.155
1997-07-30,2.19
1997-07-30,2.161
1997-07-30,2.283
1997-07-29,2.161
1997-07-29,2.113
1997-07-29,2.23
1997-07-29,2.116
1997-07-29,2.252
1997-07-28,2.19
1997-07-28,2.15
1997-07-28,2.28
1997-07-28,2.151
1997-07-28,2.183
1997-07-25,2.096
1997-07-25,2.22
1997-07-25,2.146
1997-07-25,2.107
1997-07-25,2.246
1997-07-24,2.24
1997-07-24,2.175
1997-07-24,2.133
1997-07-24,2.273
1997-07-24,2.118
1997-07-23,2.254
1997-07-23,2.2
1997-07-23,2.093
1997-07-23,2.148
1997-07-23,2.108
1997-07-22,2.073
1997-07-22,2.117
1997-07-22,2.236
1997-07-22,2.18
1997-07-22,2.09
1997-07-21,2.22
1997-07-21,2.075
1997-07-21,2.058
1997-07-21,2.085
1997-07-21,2.17
1997-07-18,2.142
1997-07-18,2.26
1997-07-18,2.168
1997-07-18,2.148
1997-07-18,2.281
1997-07-17,2.29
1997-07-17,2.175
1997-07-17,2.275
1997-07-17,2.141
1997-07-17,2.132
1997-07-16,2.24
1997-07-16,2.16
1997-07-16,2.29
1997-07-16,2.158
1997-07-16,2.174
1997-07-15,2.21
1997-07-15,2.16
1997-07-15,2.29
1997-07-15,2.156
1997-07-15,2.162
1997-07-14,2.154
1997-07-14,2.151
1997-07-14,2.146
1997-07-14,2.18
1997-07-14,2.28
1997-07-11,2.104
1997-07-11,2.16
1997-07-11,2.25
1997-07-11,2.094
1997-07-11,2.12
1997-07-10,2.264
1997-07-10,2.124
1997-07-10,2.15
1997-07-10,2.115
1997-07-10,2.134
1997-07-09,2.117
1997-07-09,2.16
1997-07-09,2.257
1997-07-09,2.098
1997-07-09,2.131
1997-07-08,2.126
1997-07-08,2.13
1997-07-08,2.137
1997-07-08,2.265
1997-07-08,2.116
1997-07-07,2.082
1997-07-07,2.1
1997-07-07,2.232
1997-07-07,2.068
1997-07-07,2.13
1997-07-03,2.253
1997-07-03,2.103
1997-07-03,2.123
1997-07-03,2.11
1997-07-03,2.108
1997-07-02,2.089
1997-07-02,2.07
1997-07-02,2.14
1997-07-02,2.22
1997-07-02,2.067
1997-07-01,2.127
1997-07-01,2.257
1997-07-01,2.11
1997-07-01,2.113
1997-07-01,2.16
1997-06-30,2.17
1997-06-30,2.281
1997-06-30,2.156
1997-06-30,2.136
1997-06-30,2.139
1997-06-27,2.139
1997-06-27,2.14
1997-06-27,2.17
1997-06-27,2.15
1997-06-27,2.278
1997-06-26,2.135
1997-06-26,2.145
1997-06-26,2.12
1997-06-26,2.123
1997-06-26,2.23
1997-06-25,2.213
1997-06-25,2.32
1997-06-25,2.22
1997-06-25,2.34
1997-06-25,2.213
1997-06-24,2.286
1997-06-24,2.32
1997-06-24,2.256
1997-06-24,2.257
1997-06-24,2.269
1997-06-23,2.242
1997-06-23,2.246
1997-06-23,2.237
1997-06-23,2.29
1997-06-23,2.242
1997-06-20,2.232
1997-06-20,2.238
1997-06-20,2.235
1997-06-20,2.25
1997-06-20,2.235
1997-06-19,2.233
1997-06-19,2.23
1997-06-19,2.228
1997-06-19,2.221
1997-06-19,2.225
1997-06-18,2.171
1997-06-18,2.171
1997-06-18,2.177
1997-06-18,2.22
1997-06-18,2.178
1997-06-17,2.2
1997-06-17,2.165
1997-06-17,2.159
1997-06-17,2.17
1997-06-17,2.17
1997-06-16,2.2
1997-06-16,2.155
1997-06-16,2.16
1997-06-16,2.157
1997-06-16,2.147
1997-06-13,2.173
1997-06-13,2.167
1997-06-13,2.15
1997-06-13,2.163
1997-06-13,2.149
1997-06-12,2.08
1997-06-12,2.122
1997-06-12,2.106
1997-06-12,2.108
1997-06-12,2.14
1997-06-11,2.071
1997-06-11,2.107
1997-06-11,2.119
1997-06-11,2.105
1997-06-11,2.16
1997-06-10,2.122
1997-06-10,2.145
1997-06-10,2.16
1997-06-10,2.155
1997-06-10,2.16
1997-06-09,2.164
1997-06-09,2.14
1997-06-09,2.154
1997-06-09,2.169
1997-06-09,2.19
1997-06-06,2.183
1997-06-06,2.196
1997-06-06,2.198
1997-06-06,2.19
1997-06-06,2.188
1997-06-05,2.182
1997-06-05,2.177
1997-06-05,2.17
1997-06-05,2.183
1997-06-05,2.18
1997-06-04,2.19
1997-06-04,2.157
1997-06-04,2.173
1997-06-04,2.16
1997-06-04,2.168
1997-06-03,2.138
1997-06-03,2.123
1997-06-03,2.11
1997-06-03,2.123
1997-06-03,2.103
1997-06-02,2.2
1997-06-02,2.147
1997-06-02,2.129
1997-06-02,2.11
1997-06-02,2.131
1997-05-30,2.242
1997-05-30,2.23
1997-05-30,2.227
1997-05-30,2.232
1997-05-30,2.239
1997-05-29,2.251
1997-05-29,2.29
1997-05-29,2.23
1997-05-29,2.235
1997-05-29,2.25
1997-05-28,2.316
1997-05-28,2.346
1997-05-28,2.311
1997-05-28,2.286
1997-05-28,2.34
1997-05-27,2.326
1997-05-27,2.29
1997-05-27,2.363
1997-05-27,2.356
1997-05-27,2.361
1997-05-23,2.281
1997-05-23,2.2
1997-05-23,2.294
1997-05-23,2.296
1997-05-23,2.285
1997-05-22,2.235
1997-05-22,2.22
1997-05-22,2.196
1997-05-22,2.224
1997-05-22,2.224
1997-05-21,2.206
1997-05-21,2.247
1997-05-21,2.21
1997-05-21,2.254
1997-05-21,2.239
1997-05-20,2.228
1997-05-20,2.23
1997-05-20,2.22
1997-05-20,2.191
1997-05-20,2.213
1997-05-19,2.218
1997-05-19,2.246
1997-05-19,2.215
1997-05-19,2.25
1997-05-19,2.238
1997-05-16,2.255
1997-05-16,2.23
1997-05-16,2.249
1997-05-16,2.265
1997-05-16,2.19
1997-05-15,2.25
1997-05-15,2.18
1997-05-15,2.2
1997-05-15,2.195
1997-05-15,2.2
1997-05-14,2.22
1997-05-14,2.275
1997-05-14,2.276
1997-05-14,2.265
1997-05-14,2.24
1997-05-13,2.191
1997-05-13,2.18
1997-05-13,2.206
1997-05-13,2.189
1997-05-13,2.209
1997-05-12,2.231
1997-05-12,2.27
1997-05-12,2.23
1997-05-12,2.224
1997-05-12,2.215
1997-05-09,2.242
1997-05-09,2.233
1997-05-09,2.247
1997-05-09,2.3
1997-05-09,2.243
1997-05-08,2.283
1997-05-08,2.288
1997-05-08,2.271
1997-05-08,2.33
1997-05-08,2.273
1997-05-07,2.34
1997-05-07,2.357
1997-05-07,2.353
1997-05-07,2.335
1997-05-07,2.375
1997-05-06,2.338
1997-05-06,2.325
1997-05-06,2.309
1997-05-06,2.25
1997-05-06,2.31
1997-05-05,2.249
1997-05-05,2.242
1997-05-05,2.257
1997-05-05,2.23
1997-05-05,2.22
1997-05-02,2.289
1997-05-02,2.275
1997-05-02,2.282
1997-05-02,2.267
1997-05-02,2.21
1997-05-01,2.258
1997-05-01,2.261
1997-05-01,2.261
1997-05-01,2.19
1997-05-01,2.243
1997-04-30,2.204
1997-04-30,2.184
1997-04-30,2.16
1997-04-30,2.212
1997-04-30,2.21
1997-04-29,2.142
1997-04-29,2.177
1997-04-29,2.165
1997-04-29,2.09
1997-04-29,2.182
1997-04-28,2.135
1997-04-28,2.081
1997-04-28,2.141
1997-04-28,2.1
1997-04-28,2.121
1997-04-25,2.16
1997-04-25,2.126
1997-04-25,2.16
1997-04-25,2.155
1997-04-25,2.16
1997-04-24,2.11
1997-04-24,2.122
1997-04-24,2.122
1997-04-24,2.137
1997-04-24,2.142
1997-04-23,2.22
1997-04-23,2.1
1997-04-23,2.077
1997-04-23,2.06
1997-04-23,2.108
1997-04-22,2.1
1997-04-22,2.114
1997-04-22,2.18
1997-04-22,2.185
1997-04-22,2.164
1997-04-21,2.148
1997-04-21,2.131
1997-04-21,2.09
1997-04-21,2.153
1997-04-21,2.064
1997-04-18,2.081
1997-04-18,2.162
1997-04-18,2.155
1997-04-18,2.1
1997-04-18,2.142
1997-04-17,2.08
1997-04-17,2.144
1997-04-17,2.15
1997-04-17,2.069
1997-04-17,2.124
1997-04-16,2.088
1997-04-16,2.005
1997-04-16,2.046
1997-04-16,2.02
1997-04-16,2.075
1997-04-15,2.042
1997-04-15,2
1997-04-15,1.937
1997-04-15,2.018
1997-04-15,1.975
1997-04-14,2.05
1997-04-14,2
1997-04-14,1.953
1997-04-14,1.996
1997-04-14,2.03
1997-04-11,2.042
1997-04-11,1.98
1997-04-11,1.933
1997-04-11,2.025
1997-04-11,1.995
1997-04-10,1.998
1997-04-10,2.015
1997-04-10,1.97
1997-04-10,1.967
1997-04-10,1.9
1997-04-09,1.97
1997-04-09,1.96
1997-04-09,1.995
1997-04-09,2.01
1997-04-09,1.901
1997-04-08,2.015
1997-04-08,1.977
1997-04-08,1.916
1997-04-08,1.997
1997-04-08,2.01
1997-04-07,2.021
1997-04-07,1.946
1997-04-07,1.99
1997-04-07,2.009
1997-04-07,2.033
1997-04-04,1.998
1997-04-04,2.01
1997-04-04,2.022
1997-04-04,1.91
1997-04-04,1.942
1997-04-03,1.905
1997-04-03,1.979
1997-04-03,1.995
1997-04-03,1.966
1997-04-03,1.87
1997-04-02,1.85
1997-04-02,1.867
1997-04-02,1.975
1997-04-02,1.952
1997-04-02,1.927
1997-04-01,1.98
1997-04-01,1.944
1997-04-01,1.96
1997-04-01,1.882
1997-04-01,1.95
1997-03-31,1.84
1997-03-31,1.993
1997-03-31,1.926
1997-03-31,1.98
1997-03-31,1.968
1997-03-27,1.97
1997-03-27,1.982
1997-03-27,1.84
1997-03-27,1.96
1997-03-27,1.928
1997-03-26,1.883
1997-03-26,1.95
1997-03-26,1.928
1997-03-26,1.96
1997-03-26,1.85
1997-03-25,1.93
1997-03-25,1.96
1997-03-25,1.95
1997-03-25,1.884
1997-03-25,1.85
1997-03-24,1.8
1997-03-24,1.925
1997-03-24,1.841
1997-03-24,1.9
1997-03-24,1.805
1997-03-21,1.935
1997-03-21,1.87
1997-03-21,1.955
1997-03-21,1.84
1997-03-21,1.876
1997-03-20,1.947
1997-03-20,1.88
1997-03-20,1.982
1997-03-20,1.892
1997-03-20,1.992
1997-03-19,1.896
1997-03-19,1.946
1997-03-19,1.976
1997-03-19,1.987
1997-03-19,1.88
1997-03-18,1.91
1997-03-18,1.964
1997-03-18,1.977
1997-03-18,1.897
1997-03-18,1.935
1997-03-17,1.98
1997-03-17,1.985
1997-03-17,1.948
1997-03-17,1.909
1997-03-17,2.01
1997-03-14,1.96
1997-03-14,2.046
1997-03-14,2.021
1997-03-14,2.048
1997-03-14,1.97
1997-03-13,2.017
1997-03-13,2.041
1997-03-13,1.942
1997-03-13,2.037
1997-03-13,1.98
1997-03-12,2.028
1997-03-12,1.96
1997-03-12,2.052
1997-03-12,2.045
1997-03-12,1.955
1997-03-11,2.025
1997-03-11,1.92
1997-03-11,2.035
1997-03-11,2.003
1997-03-11,1.919
1997-03-10,2.025
1997-03-10,2.04
1997-03-10,2.045
1997-03-10,1.937
1997-03-10,1.95
1997-03-07,2.028
1997-03-07,2.023
1997-03-07,1.947
1997-03-07,1.89
1997-03-07,2.033
1997-03-06,1.969
1997-03-06,1.886
1997-03-06,1.953
1997-03-06,1.82
1997-03-06,1.966
1997-03-05,1.902
1997-03-05,1.92
1997-03-05,1.921
1997-03-05,1.933
1997-03-05,1.839
1997-03-04,1.979
1997-03-04,1.982
1997-03-04,1.87
1997-03-04,1.943
1997-03-04,1.985
1997-03-03,1.863
1997-03-03,1.9
1997-03-03,1.803
1997-03-03,1.888
1997-03-03,1.8
1997-02-28,1.896
1997-02-28,1.905
1997-02-28,1.875
1997-02-28,1.78
1997-02-28,1.821
1997-02-27,1.879
1997-02-27,1.91
1997-02-27,1.8
1997-02-27,1.838
1997-02-27,1.899
1997-02-26,1.908
1997-02-26,1.874
1997-02-26,1.946
1997-02-26,1.81
1997-02-26,1.934
1997-02-25,1.93
1997-02-25,1.865
1997-02-25,1.77
1997-02-25,1.95
1997-02-25,1.898
1997-02-24,1.92
1997-02-24,1.865
1997-02-24,1.78
1997-02-24,1.91
1997-02-24,1.815
1997-02-21,1.919
1997-02-21,1.94
1997-02-21,1.92
1997-02-21,1.958
1997-02-21,1.936
1997-02-20,1.93
1997-02-20,1.92
1997-02-20,1.95
1997-02-20,1.922
1997-02-20,1.911
1997-02-19,2.004
1997-02-19,2.016
1997-02-19,2.004
1997-02-19,1.95
1997-02-19,2.004
1997-02-18,1.979
1997-02-18,1.84
1997-02-18,1.964
1997-02-18,1.97
1997-02-18,1.97
1997-02-14,1.95
1997-02-14,1.966
1997-02-14,2.12
1997-02-14,1.95
1997-02-14,1.96
1997-02-13,1.999
1997-02-13,1.969
1997-02-13,1.972
1997-02-13,1.991
1997-02-13,2.22
1997-02-12,2.016
1997-02-12,2.016
1997-02-12,2.09
1997-02-12,2.052
1997-02-12,2.42
1997-02-11,2.097
1997-02-11,2.34
1997-02-11,2.075
1997-02-11,2.147
1997-02-11,2.224
1997-02-10,2.167
1997-02-10,2.107
1997-02-10,2.05
1997-02-10,2.057
1997-02-10,2.42
1997-02-07,2.092
1997-02-07,2.05
1997-02-07,2.39
1997-02-07,2.05
1997-02-07,2.182
1997-02-06,2.092
1997-02-06,2.51
1997-02-06,2.178
1997-02-06,2.361
1997-02-06,2.095
1997-02-05,2.65
1997-02-05,2.125
1997-02-05,2.11
1997-02-05,2.43
1997-02-05,2.224
1997-02-04,2.125
1997-02-04,2.59
1997-02-04,2.497
1997-02-04,2.148
1997-02-04,2.269
1997-02-03,2.107
1997-02-03,2.032
1997-02-03,2.313
1997-02-03,2.49
1997-02-03,2.032
1997-01-31,2.04
1997-01-31,2.385
1997-01-31,2.77
1997-01-31,2.04
1997-01-31,2.139
1997-01-30,2.095
1997-01-30,2.486
1997-01-30,2.86
1997-01-30,2.075
1997-01-30,2.215
1997-01-29,2.156
1997-01-29,2.438
1997-01-29,2.055
1997-01-29,2.05
1997-01-29,2.91
1997-01-28,2.257
1997-01-28,2.546
1997-01-28,3.05
1997-01-28,2.1
1997-01-28,2.122
1997-01-27,2.615
1997-01-27,2.986
1997-01-27,2.307
1997-01-27,2.15
1997-01-27,2.98
1997-01-24,2.277
1997-01-24,2.125
1997-01-24,2.557
1997-01-24,2.824
1997-01-24,2.62
1997-01-23,2.794
1997-01-23,2.1
1997-01-23,2.257
1997-01-23,2.533
1997-01-23,2.96
1997-01-22,3.05
1997-01-22,2.157
1997-01-22,2.908
1997-01-22,2.636
1997-01-22,2.32
1997-01-21,2.632
1997-01-21,2.19
1997-01-21,2.99
1997-01-21,2.916
1997-01-21,2.335
1997-01-20,2.27
1997-01-20,3.26
1997-01-20,2.774
1997-01-20,3.07
1997-01-20,2.45
1997-01-17,2.461
1997-01-17,3.91
1997-01-17,2.264
1997-01-17,2.859
1997-01-17,3.257
1997-01-16,3.341
1997-01-16,2.3
1997-01-16,4.71
1997-01-16,2.909
1997-01-16,2.52
1997-01-15,3.145
1997-01-15,4.34
1997-01-15,3.611
1997-01-15,2.43
1997-01-15,2.67
1997-01-14,4.01
1997-01-14,2.572
1997-01-14,2.34
1997-01-14,3.393
1997-01-14,2.996
1997-01-13,3.254
1997-01-13,4
1997-01-13,2.253
1997-01-13,2.86
1997-01-13,2.453
1997-01-10,2.25
1997-01-10,3.92
1997-01-10,2.458
1997-01-10,2.849
1997-01-10,3.316
1997-01-09,3.086
1997-01-09,3.481
1997-01-09,3.61
1997-01-09,2.316
1997-01-09,2.608
1997-01-08,3.8
1997-01-08,3.513
1997-01-08,3.176
1997-01-08,2.663
1997-01-08,2.345
1997-01-07,2.566
1997-01-07,3.026
1997-01-07,2.316
1997-01-07,3.82
1997-01-07,3.334
1997-01-06,2.611
1997-01-06,3.205
1997-01-06,2.41
1997-01-06,3.636
1997-01-03,2.461
1997-01-03,2.29
1997-01-03,3.106
1997-01-03,2.794
1997-01-02,2.235
1997-01-02,2.623
1997-01-02,2.89
1997-01-02,2.35
1996-12-31,2.216
1996-12-31,2.481
1996-12-31,2.757
1996-12-31,2.086
1996-12-30,2.166
1996-12-30,2.677
1996-12-30,2.05
1996-12-30,2.411
1996-12-27,2.142
1996-12-27,2.68
1996-12-27,2.984
1996-12-27,2.34
1996-12-26,3
1996-12-26,3.384
1996-12-26,2.49
1996-12-26,2.292
1996-12-24,3.998
1996-12-24,2.635
1996-12-24,3.248
1996-12-24,3.705
1996-12-23,4.192
1996-12-23,3.18
1996-12-23,3.697
1996-12-23,2.58
1996-12-20,4.573
1996-12-20,3.261
1996-12-20,2.597
1996-12-20,3.92
1996-12-19,3.208
1996-12-19,2.59
1996-12-19,4.409
1996-12-19,3.83
1996-12-18,3.062
1996-12-18,2.5
1996-12-18,3.586
1996-12-18,4.075
1996-12-17,3.084
1996-12-17,2.505
1996-12-17,3.613
1996-12-17,4.17
1996-12-16,4.467
1996-12-16,2.705
1996-12-16,3.134
1996-12-16,3.884
1996-12-13,2.984
1996-12-13,3.415
1996-12-13,3.851
1996-12-13,2.555
1996-12-12,2.498
1996-12-12,3.529
1996-12-12,2.884
1996-12-12,3.212
1996-12-11,3.239
1996-12-11,2.88
1996-12-11,3.493
1996-12-11,2.475
1996-12-10,3.13
1996-12-10,2.41
1996-12-10,2.765
1996-12-10,3.396
1996-12-09,2.343
1996-12-09,3.012
1996-12-09,2.697
1996-12-09,3.222
1996-12-06,3.487
1996-12-06,2.78
1996-12-06,3.186
1996-12-06,2.4
1996-12-05,2.485
1996-12-05,3.406
1996-12-05,2.85
1996-12-05,3.784
1996-12-04,3.156
1996-12-04,2.335
1996-12-04,2.7
1996-12-04,3.505
1996-12-03,2.314
1996-12-03,3.017
1996-12-03,3.364
1996-12-03,2.644
1996-12-02,2.886
1996-12-02,3.246
1996-12-02,2.588
1996-12-02,2.303
1996-11-27,2.704
1996-11-27,3.056
1996-11-27,3.497
1996-11-27,2.36
1996-11-26,3.581
1996-11-26,2.73
1996-11-26,2.38
1996-11-26,3.117
1996-11-25,3.494
1996-11-25,2.666
1996-11-25,3.046
1996-11-25,2.325
1996-11-22,2.97
1996-11-22,2.625
1996-11-22,3.437
1996-11-22,2.285
1996-11-21,2.537
1996-11-21,3.304
1996-11-21,3.901
1996-11-21,2.887
1996-11-20,2.855
1996-11-20,3.627
1996-11-20,2.525
1996-11-20,3.264
1996-11-19,2.49
1996-11-19,3.17
1996-11-19,2.809
1996-11-19,3.306
1996-11-18,2.908
1996-11-18,2.978
1996-11-18,2.662
1996-11-18,2.412
1996-11-15,2.395
1996-11-15,2.883
1996-11-15,2.908
1996-11-15,2.657
1996-11-14,2.788
1996-11-14,2.787
1996-11-14,2.331
1996-11-14,2.556
1996-11-13,2.645
1996-11-13,2.263
1996-11-13,2.65
1996-11-13,2.458
1996-11-12,2.643
1996-11-12,2.452
1996-11-12,2.646
1996-11-12,2.257
1996-11-11,2.496
1996-11-11,2.739
1996-11-11,2.28
1996-11-11,2.733
1996-11-08,2.675
1996-11-08,2.669
1996-11-08,2.213
1996-11-08,2.418
1996-11-07,2.643
1996-11-07,2.393
1996-11-07,2.198
1996-11-07,2.649
1996-11-06,2.678
1996-11-06,2.684
1996-11-06,2.405
1996-11-06,2.205
1996-11-05,2.65
1996-11-05,2.206
1996-11-05,2.391
1996-11-05,2.674
1996-11-04,2.573
1996-11-04,2.557
1996-11-04,2.316
1996-11-04,2.152
1996-11-01,2.644
1996-11-01,2.387
1996-11-01,2.227
1996-11-01,2.662
1996-10-31,2.698
1996-10-31,2.728
1996-10-31,2.457
1996-10-31,2.279
1996-10-30,2.864
1996-10-30,2.573
1996-10-30,2.828
1996-10-30,2.37
1996-10-29,2.778
1996-10-29,2.795
1996-10-29,2.36
1996-10-29,2.551
1996-10-28,2.731
1996-10-28,2.335
1996-10-28,2.709
1996-10-28,2.515
1996-10-25,2.704
1996-10-25,2.677
1996-10-25,2.5
1996-10-25,2.652
1996-10-24,2.569
1996-10-24,2.485
1996-10-24,2.556
1996-10-24,2.44
1996-10-23,2.553
1996-10-23,2.676
1996-10-23,2.575
1996-10-23,2.69
1996-10-22,2.733
1996-10-22,2.625
1996-10-22,2.734
1996-10-22,2.595
1996-10-21,2.482
1996-10-21,2.608
1996-10-21,2.635
1996-10-21,2.515
1996-10-18,2.482
1996-10-18,2.4
1996-10-18,2.576
1996-10-18,2.602
1996-10-17,2.62
1996-10-17,2.595
1996-10-17,2.428
1996-10-17,2.487
1996-10-16,2.505
1996-10-16,2.64
1996-10-16,2.437
1996-10-16,2.62
1996-10-15,2.643
1996-10-15,2.464
1996-10-15,2.495
1996-10-15,2.634
1996-10-14,2.523
1996-10-14,2.403
1996-10-14,2.48
1996-10-14,2.3
1996-10-11,2.418
1996-10-11,2.548
1996-10-11,2.532
1996-10-11,2.347
1996-10-10,2.385
1996-10-10,2.519
1996-10-10,2.52
1996-10-10,2.371
1996-10-09,2.615
1996-10-09,2.465
1996-10-09,2.604
1996-10-09,2.47
1996-10-08,2.605
1996-10-08,2.438
1996-10-08,2.492
1996-10-08,2.627
1996-10-07,2.556
1996-10-07,2.369
1996-10-07,2.568
1996-10-07,2.448
1996-10-04,2.555
1996-10-04,2.556
1996-10-04,2.445
1996-10-04,2.396
1996-10-03,2.424
1996-10-03,2.531
1996-10-03,2.534
1996-10-03,2.346
1996-10-02,2.18
1996-10-02,2.364
1996-10-02,2.384
1996-10-02,2.314
1996-10-01,2.185
1996-10-01,2.32
1996-10-01,2.385
1996-10-01,2.36
1996-09-30,2.214
1996-09-30,2.396
1996-09-30,2.384
1996-09-30,2.326
1996-09-27,2.181
1996-09-27,2.355
1996-09-27,2.31
1996-09-27,2.377
1996-09-26,2.137
1996-09-26,2.33
1996-09-26,2.285
1996-09-26,2.356
1996-09-25,2.096
1996-09-25,2.276
1996-09-25,2.341
1996-09-25,2.298
1996-09-24,2.055
1996-09-24,1.828
1996-09-24,2.312
1996-09-24,2.262
1996-09-23,2.316
1996-09-23,1.873
1996-09-23,2.266
1996-09-23,2.072
1996-09-20,2.41
1996-09-20,2.177
1996-09-20,1.965
1996-09-20,2.374
1996-09-19,2.457
1996-09-19,2.437
1996-09-19,2.257
1996-09-19,2.063
1996-09-18,2.387
1996-09-18,1.968
1996-09-18,2.415
1996-09-18,2.204
1996-09-17,2.35
1996-09-17,1.934
1996-09-17,2.151
1996-09-17,2.32
1996-09-16,2.306
1996-09-16,1.973
1996-09-16,2.335
1996-09-16,2.167
1996-09-13,2.234
1996-09-13,2.072
1996-09-13,1.864
1996-09-13,2.284
1996-09-12,2.245
1996-09-12,2.19
1996-09-12,2.018
1996-09-12,1.813
1996-09-11,1.806
1996-09-11,2.21
1996-09-11,2.26
1996-09-11,2.03
1996-09-10,2.04
1996-09-10,1.791
1996-09-10,2.256
1996-09-10,2.196
1996-09-09,2.262
1996-09-09,2.305
1996-09-09,2.123
1996-09-09,1.898
1996-09-06,2.24
1996-09-06,2.057
1996-09-06,2.182
1996-09-06,1.863
1996-09-05,1.809
1996-09-05,1.989
1996-09-05,2.13
1996-09-05,2.195
1996-09-04,1.937
1996-09-04,1.764
1996-09-04,2.16
1996-09-04,2.093
1996-09-03,2.132
1996-09-03,2.2
1996-09-03,1.979
1996-09-03,1.821
1996-08-30,2.22
1996-08-30,1.859
1996-08-30,2.159
1996-08-30,2.015
1996-08-29,2.046
1996-08-29,1.907
1996-08-29,2.18
1996-08-29,2.23
1996-08-28,2.014
1996-08-28,2.192
1996-08-28,2.15
1996-08-28,1.865
1996-08-27,2.209
1996-08-27,2.177
1996-08-27,2.039
1996-08-27,1.882
1996-08-26,2.089
1996-08-26,2.217
1996-08-26,1.937
1996-08-26,1.853
1996-08-23,2.023
1996-08-23,1.95
1996-08-23,2.271
1996-08-23,2.152
1996-08-22,1.999
1996-08-22,2.124
1996-08-22,1.921
1996-08-22,2.232
1996-08-21,2.093
1996-08-21,2.21
1996-08-21,2.03
1996-08-21,2.291
1996-08-20,2.232
1996-08-20,2.053
1996-08-20,2.124
1996-08-20,2.312
1996-08-19,2.337
1996-08-19,2.406
1996-08-19,2.254
1996-08-19,2.187
1996-08-16,2.14
1996-08-16,2.279
1996-08-16,2.343
1996-08-16,2.185
1996-08-15,2.205
1996-08-15,2.106
1996-08-15,2.04
1996-08-15,2.28
1996-08-14,2.293
1996-08-14,2.086
1996-08-14,2.147
1996-08-14,2.237
1996-08-13,2.28
1996-08-13,2.056
1996-08-13,2.22
1996-08-13,2.125
1996-08-12,2.163
1996-08-12,2.287
1996-08-12,2.074
1996-08-12,2.235
1996-08-09,2.307
1996-08-09,2.181
1996-08-09,2.247
1996-08-09,2.103
1996-08-08,2.125
1996-08-08,2.068
1996-08-08,2.2
1996-08-08,2.276
1996-08-07,2.278
1996-08-07,2.198
1996-08-07,2.122
1996-08-07,2.091
1996-08-06,2.215
1996-08-06,2.124
1996-08-06,2.302
1996-08-06,2.127
1996-08-05,2.375
1996-08-05,2.215
1996-08-05,2.298
1996-08-05,2.206
1996-08-02,2.387
1996-08-02,2.315
1996-08-02,2.319
1996-08-02,2.45
1996-08-01,2.295
1996-08-01,2.276
1996-08-01,2.369
1996-08-01,2.413
1996-07-31,2.293
1996-07-31,2.163
1996-07-31,2.166
1996-07-31,2.245
1996-07-30,2.153
1996-07-30,2.195
1996-07-30,2.245
1996-07-30,2.144
1996-07-29,2.055
1996-07-29,2.12
1996-07-29,2.046
1996-07-29,2.19
1996-07-26,2.21
1996-07-26,2.169
1996-07-26,2.27
1996-07-26,2.192
1996-07-25,2.322
1996-07-25,2.25
1996-07-25,2.209
1996-07-25,2.249
1996-07-24,2.269
1996-07-24,2.359
1996-07-24,2.29
1996-07-24,2.239
1996-07-23,2.34
1996-07-23,2.295
1996-07-23,2.39
1996-07-23,2.34
1996-07-22,2.145
1996-07-22,2.181
1996-07-22,2.195
1996-07-22,2.143
1996-07-19,2.345
1996-07-19,2.359
1996-07-19,2.326
1996-07-19,2.33
1996-07-18,2.422
1996-07-18,2.435
1996-07-18,2.43
1996-07-18,2.425
1996-07-17,2.637
1996-07-17,2.585
1996-07-17,2.575
1996-07-17,2.638
1996-07-16,2.76
1996-07-16,2.679
1996-07-16,2.655
1996-07-16,2.745
1996-07-15,2.774
1996-07-15,2.682
1996-07-15,2.765
1996-07-15,2.7
1996-07-12,2.698
1996-07-12,2.761
1996-07-12,2.773
1996-07-12,2.713
1996-07-11,2.662
1996-07-11,2.724
1996-07-11,2.669
1996-07-11,2.696
1996-07-10,2.803
1996-07-10,2.735
1996-07-10,2.777
1996-07-10,2.741
1996-07-09,2.739
1996-07-09,2.781
1996-07-09,2.742
1996-07-09,2.739
1996-07-08,2.787
1996-07-08,2.785
1996-07-08,2.837
1996-07-08,2.827
1996-07-03,2.841
1996-07-03,2.754
1996-07-03,2.759
1996-07-03,2.794
1996-07-02,2.81
1996-07-02,2.722
1996-07-02,2.738
1996-07-02,2.747
1996-07-01,2.7
1996-07-01,2.687
1996-07-01,2.716
1996-07-01,2.76
1996-06-28,2.911
1996-06-28,2.767
1996-06-28,2.777
1996-06-28,2.813
1996-06-27,2.75
1996-06-27,2.737
1996-06-27,2.756
1996-06-27,2.787
1996-06-26,2.687
1996-06-26,2.677
1996-06-26,2.672
1996-06-26,2.695
1996-06-25,2.693
1996-06-25,2.675
1996-06-25,2.667
1996-06-25,2.669
1996-06-24,2.693
1996-06-24,2.69
1996-06-24,2.646
1996-06-24,2.667
1996-06-21,2.721
1996-06-21,2.719
1996-06-21,2.703
1996-06-21,2.64
1996-06-20,2.696
1996-06-20,2.675
1996-06-20,2.682
1996-06-20,2.617
1996-06-19,2.639
1996-06-19,2.663
1996-06-19,2.631
1996-06-19,2.662
1996-06-18,2.61
1996-06-18,2.658
1996-06-18,2.641
1996-06-18,2.617
1996-06-17,2.603
1996-06-17,2.599
1996-06-17,2.536
1996-06-17,2.575
1996-06-14,2.554
1996-06-14,2.509
1996-06-14,2.535
1996-06-14,2.567
1996-06-13,2.545
1996-06-13,2.53
1996-06-13,2.559
1996-06-13,2.494
1996-06-12,2.483
1996-06-12,2.434
1996-06-12,2.47
1996-06-12,2.477
1996-06-11,2.488
1996-06-11,2.427
1996-06-11,2.49
1996-06-11,2.475
1996-06-10,2.39
1996-06-10,2.463
1996-06-10,2.438
1996-06-10,2.47
1996-06-07,2.455
1996-06-07,2.425
1996-06-07,2.473
1996-06-07,2.395
1996-06-06,2.377
1996-06-06,2.362
1996-06-06,2.424
1996-06-06,2.402
1996-06-05,2.379
1996-06-05,2.432
1996-06-05,2.405
1996-06-05,2.38
1996-06-04,2.415
1996-06-04,2.364
1996-06-04,2.393
1996-06-04,2.373
1996-06-03,2.445
1996-06-03,2.406
1996-06-03,2.386
1996-06-03,2.409
1996-05-31,2.406
1996-05-31,2.442
1996-05-31,2.411
1996-05-31,2.388
1996-05-30,2.396
1996-05-30,2.385
1996-05-30,2.405
1996-05-30,2.44
1996-05-29,2.401
1996-05-29,2.442
1996-05-29,2.469
1996-05-29,2.431
1996-05-28,2.355
1996-05-28,2.426
1996-05-28,2.385
1996-05-28,2.418
1996-05-24,2.361
1996-05-24,2.36
1996-05-24,2.4
1996-05-24,2.383
1996-05-23,2.37
1996-05-23,2.386
1996-05-23,2.352
1996-05-23,2.337
1996-05-22,2.375
1996-05-22,2.329
1996-05-22,2.387
1996-05-22,2.355
1996-05-21,2.324
1996-05-21,2.295
1996-05-21,2.352
1996-05-21,2.342
1996-05-20,2.412
1996-05-20,2.365
1996-05-20,2.412
1996-05-20,2.324
1996-05-17,2.287
1996-05-17,2.284
1996-05-17,2.337
1996-05-17,2.334
1996-05-16,2.302
1996-05-16,2.29
1996-05-16,2.335
1996-05-16,2.33
1996-05-15,2.265
1996-05-15,2.31
1996-05-15,2.322
1996-05-15,2.299
1996-05-14,2.291
1996-05-14,2.252
1996-05-14,2.273
1996-05-14,2.302
1996-05-13,2.308
1996-05-13,2.323
1996-05-13,2.271
1996-05-13,2.286
1996-05-10,2.221
1996-05-10,2.204
1996-05-10,2.267
1996-05-10,2.26
1996-05-09,2.267
1996-05-09,2.22
1996-05-09,2.21
1996-05-09,2.255
1996-05-08,2.235
1996-05-08,2.186
1996-05-08,2.218
1996-05-08,2.186
1996-05-07,2.223
1996-05-07,2.187
1996-05-07,2.205
1996-05-07,2.17
1996-05-06,2.13
1996-05-06,2.164
1996-05-06,2.148
1996-05-06,2.155
1996-05-03,2.14
1996-05-03,2.131
1996-05-03,2.123
1996-05-03,2.139
1996-05-02,2.185
1996-05-02,2.191
1996-05-02,2.163
1996-05-02,2.19
1996-05-01,2.229
1996-05-01,2.209
1996-05-01,2.192
1996-05-01,2.214
1996-04-30,2.224
1996-04-30,2.191
1996-04-30,2.198
1996-04-30,2.173
1996-04-29,2.204
1996-04-29,2.223
1996-04-29,2.198
1996-04-29,2.177
1996-04-26,2.183
1996-04-26,2.213
1996-04-26,2.205
1996-04-26,2.207
1996-04-25,2.212
1996-04-25,2.258
1996-04-25,2.238
1996-04-25,2.242
1996-04-24,2.26
1996-04-24,2.26
1996-04-24,2.214
1996-04-24,2.258
1996-04-23,2.3
1996-04-23,2.28
1996-04-23,2.294
1996-04-23,2.293
1996-04-22,2.364
1996-04-22,2.359
1996-04-22,2.364
1996-04-22,2.339
1996-04-19,2.366
1996-04-19,2.357
1996-04-19,2.326
1996-04-19,2.361
1996-04-18,2.331
1996-04-18,2.332
1996-04-18,2.337
1996-04-18,2.302
1996-04-17,2.33
1996-04-17,2.339
1996-04-17,2.337
1996-04-17,2.294
1996-04-16,2.327
1996-04-16,2.316
1996-04-16,2.312
1996-04-16,2.277
1996-04-15,2.29
1996-04-15,2.343
1996-04-15,2.341
1996-04-15,2.321
1996-04-12,2.411
1996-04-12,2.354
1996-04-12,2.312
1996-04-12,2.392
1996-04-11,2.257
1996-04-11,2.297
1996-04-11,2.329
1996-04-11,2.332
1996-04-10,2.34
1996-04-10,2.245
1996-04-10,2.34
1996-04-10,2.295
1996-04-09,2.361
1996-04-09,2.3
1996-04-09,2.25
1996-04-09,2.369
1996-04-08,2.24
1996-04-08,2.352
1996-04-08,2.372
1996-04-08,2.29
1996-04-04,2.21
1996-04-04,2.289
1996-04-04,2.335
1996-04-04,2.253
1996-04-03,2.233
1996-04-03,2.176
1996-04-03,2.304
1996-04-03,2.21
1996-04-02,2.208
1996-04-02,2.173
1996-04-02,2.223
1996-04-02,2.293
1996-04-01,2.168
1996-04-01,2.208
1996-04-01,2.239
1996-04-01,2.288
1996-03-29,2.14
1996-03-29,2.336
1996-03-29,2.259
1996-03-29,2.19
1996-03-28,2.342
1996-03-28,2.162
1996-03-28,2.26
1996-03-28,2.209
1996-03-27,2.239
1996-03-27,2.142
1996-03-27,2.18
1996-03-27,2.339
1996-03-26,2.178
1996-03-26,2.267
1996-03-26,2.092
1996-03-26,2.13
1996-03-25,2.16
1996-03-25,2.779
1996-03-25,2.226
1996-03-25,2.355
1996-03-22,2.277
1996-03-22,2.863
1996-03-22,2.201
1996-03-22,2.416
1996-03-21,2.166
1996-03-21,2.266
1996-03-21,2.74
1996-03-21,2.439
1996-03-20,2.354
1996-03-20,2.179
1996-03-20,2.084
1996-03-20,2.574
1996-03-19,2.33
1996-03-19,2.171
1996-03-19,2.523
1996-03-19,2.076
1996-03-18,2.349
1996-03-18,2.511
1996-03-18,2.07
1996-03-18,2.165
1996-03-15,2.333
1996-03-15,2.08
1996-03-15,2.01
1996-03-15,2.215
1996-03-14,2.035
1996-03-14,1.975
1996-03-14,2.144
1996-03-14,2.247
1996-03-13,2.24
1996-03-13,2.042
1996-03-13,2.147
1996-03-13,1.982
1996-03-12,2.018
1996-03-12,2.108
1996-03-12,1.968
1996-03-12,2.168
1996-03-11,1.965
1996-03-11,2.178
1996-03-11,2.114
1996-03-11,2.014
1996-03-08,1.93
1996-03-08,2.053
1996-03-08,2.095
1996-03-08,1.973
1996-03-07,1.923
1996-03-07,2.128
1996-03-07,1.969
1996-03-07,2.054
1996-03-06,1.945
1996-03-06,2.188
1996-03-06,1.995
1996-03-06,2.078
1996-03-05,2.174
1996-03-05,1.993
1996-03-05,2.065
1996-03-05,1.944
1996-03-04,2.102
1996-03-04,1.967
1996-03-04,2.24
1996-03-04,2.012
1996-03-01,2.058
1996-03-01,2.156
1996-03-01,1.956
1996-03-01,1.991
1996-02-29,2.236
1996-02-29,2.101
1996-02-29,2.014
1996-02-29,1.964
1996-02-28,2.306
1996-02-28,2.051
1996-02-28,1.998
1996-02-28,2.149
1996-02-27,2.326
1996-02-27,1.987
1996-02-27,2.04
1996-02-27,2.143
1996-02-26,2.338
1996-02-26,2.143
1996-02-26,2.033
1996-02-26,1.981
1996-02-23,2.101
1996-02-23,2.014
1996-02-23,2.263
1996-02-23,2.746
1996-02-22,2.288
1996-02-22,2.121
1996-02-22,2.623
1996-02-22,2.036
1996-02-21,2.007
1996-02-21,2.066
1996-02-21,2.447
1996-02-21,2.188
1996-02-20,2.128
1996-02-20,2.033
1996-02-20,1.978
1996-02-20,2.321
1996-02-16,1.98
1996-02-16,2.441
1996-02-16,2.043
1996-02-16,2.171
1996-02-15,2.031
1996-02-15,2.576
1996-02-15,2.271
1996-02-15,2.136
1996-02-14,2.047
1996-02-14,2.317
1996-02-14,2.17
1996-02-14,2.582
1996-02-13,2.16
1996-02-13,2.662
1996-02-13,2.331
1996-02-13,2.038
1996-02-12,2.085
1996-02-12,1.995
1996-02-12,2.231
1996-02-12,2.456
1996-02-09,1.99
1996-02-09,2.08
1996-02-09,2.551
1996-02-09,2.244
1996-02-08,1.982
1996-02-08,2.06
1996-02-08,2.201
1996-02-08,2.472
1996-02-07,1.957
1996-02-07,2.513
1996-02-07,2.132
1996-02-07,2.02
1996-02-06,2.001
1996-02-06,2.448
1996-02-06,1.96
1996-02-06,2.086
1996-02-05,1.91
1996-02-05,1.887
1996-02-05,1.975
1996-02-05,2.168
1996-02-02,1.999
1996-02-02,2.075
1996-02-02,1.947
1996-02-02,2.467
1996-02-01,1.94
1996-02-01,2.079
1996-02-01,1.998
1996-02-01,2.499
1996-01-31,2.054
1996-01-31,2.658
1996-01-31,2.174
1996-01-31,1.954
1996-01-30,1.914
1996-01-30,1.994
1996-01-30,2.104
1996-01-30,2.504
1996-01-29,2.036
1996-01-29,2.337
1996-01-29,1.946
1996-01-29,1.884
1996-01-26,1.855
1996-01-26,1.902
1996-01-26,1.952
1996-01-26,2.126
1996-01-25,2.026
1996-01-25,2.34
1996-01-25,1.909
1996-01-25,1.869
1996-01-24,1.879
1996-01-24,2.493
1996-01-24,1.939
1996-01-24,2.069
1996-01-23,1.875
1996-01-23,1.945
1996-01-23,2.055
1996-01-23,2.445
1996-01-22,1.825
1996-01-22,2.125
1996-01-22,1.865
1996-01-22,1.955
1996-01-19,1.825
1996-01-19,2.168
1996-01-19,1.865
1996-01-19,1.956
1996-01-18,1.936
1996-01-18,2.264
1996-01-18,1.867
1996-01-18,2.043
1996-01-17,2.088
1996-01-17,1.878
1996-01-17,1.958
1996-01-17,2.336
1996-01-16,2.074
1996-01-16,1.85
1996-01-16,1.812
1996-01-16,1.96
1996-01-15,1.783
1996-01-15,1.747
1996-01-15,2.017
1996-01-15,2.015
1996-01-12,1.934
1996-01-12,2.215
1996-01-12,1.834
1996-01-12,2.317
1996-01-11,2.365
1996-01-11,1.997
1996-01-11,2.49
1996-01-11,1.88
1996-01-10,2.809
1996-01-10,2.465
1996-01-10,1.965
1996-01-10,2.097
1996-01-09,2.537
1996-01-09,2.928
1996-01-09,1.977
1996-01-09,2.122
1996-01-08,1.919
1996-01-08,2.059
1996-01-08,2.424
1996-01-05,1.919
1996-01-05,2.916
1996-01-05,2.059
1996-01-05,2.424
1996-01-04,1.888
1996-01-04,2.023
1996-01-04,2.964
1996-01-04,2.376
1996-01-03,2.377
1996-01-03,2.986
1996-01-03,2.005
1996-01-03,1.875
1996-01-02,2.295
1996-01-02,2.859
1996-01-02,1.971
1996-01-02,1.861
1995-12-29,1.901
1995-12-29,1.796
1995-12-29,2.195
1995-12-29,2.619
1995-12-28,2.135
1995-12-28,1.786
1995-12-28,1.886
1995-12-28,2.509
1995-12-27,2.298
1995-12-27,2.868
1995-12-27,1.999
1995-12-27,1.849
1995-12-26,1.796
1995-12-26,2.468
1995-12-26,1.916
1995-12-26,2.148
1995-12-22,1.89
1995-12-22,2.152
1995-12-22,2.368
1995-12-22,1.77
1995-12-21,2.302
1995-12-21,3.448
1995-12-21,2.027
1995-12-21,2.711
1995-12-20,2.052
1995-12-20,3.071
1995-12-20,2.544
1995-12-20,2.282
1995-12-19,2.195
1995-12-19,2.015
1995-12-19,2.394
1995-12-19,2.868
1995-12-18,2.504
1995-12-18,2.294
1995-12-18,2.095
1995-12-18,1.931
1995-12-15,2.034
1995-12-15,1.887
1995-12-15,2.203
1995-12-15,2.364
1995-12-14,2.204
1995-12-14,1.89
1995-12-14,2.353
1995-12-14,2.04
1995-12-13,2.001
1995-12-13,2.175
1995-12-13,2.286
1995-12-13,1.856
1995-12-12,2.235
1995-12-12,2.137
1995-12-12,1.965
1995-12-12,1.82
1995-12-11,1.81
1995-12-11,1.955
1995-12-11,2.193
1995-12-11,2.124
1995-12-08,1.807
1995-12-08,2.216
1995-12-08,2.116
1995-12-08,1.952
1995-12-07,2.208
1995-12-07,1.947
1995-12-07,2.09
1995-12-07,1.8
1995-12-06,2.207
1995-12-06,1.785
1995-12-06,2.064
1995-12-06,1.93
1995-12-05,2.066
1995-12-05,2.225
1995-12-05,1.908
1995-12-05,1.755
1995-12-04,2.12
1995-12-04,1.73
1995-12-04,1.864
1995-12-04,1.998
1995-12-01,1.967
1995-12-01,2.069
1995-12-01,1.729
1995-12-01,1.849
1995-11-30,1.725
1995-11-30,1.919
1995-11-30,2.018
1995-11-30,1.825
1995-11-29,1.72
1995-11-29,1.922
1995-11-29,1.82
1995-11-29,2.031
1995-11-28,1.915
1995-11-28,1.807
1995-11-28,1.707
1995-11-28,2.024
1995-11-27,1.71
1995-11-27,1.94
1995-11-27,2.088
1995-11-27,1.813
1995-11-22,1.954
1995-11-22,1.824
1995-11-22,1.714
1995-11-22,2.113
1995-11-21,1.808
1995-11-21,2.241
1995-11-21,2.058
1995-11-21,1.923
1995-11-20,1.822
1995-11-20,2.157
1995-11-20,2.063
1995-11-20,1.942
1995-11-17,2.035
1995-11-17,1.82
1995-11-17,1.935
1995-11-17,2.024
1995-11-16,1.814
1995-11-16,1.985
1995-11-16,1.902
1995-11-16,1.969
1995-11-15,1.935
1995-11-15,1.797
1995-11-15,1.919
1995-11-15,1.872
1995-11-14,1.87
1995-11-14,1.906
1995-11-14,1.795
1995-11-14,1.932
1995-11-13,1.953
1995-11-13,1.912
1995-11-13,1.8
1995-11-13,1.883
1995-11-10,1.943
1995-11-10,1.901
1995-11-10,1.882
1995-11-10,1.802
1995-11-09,1.772
1995-11-09,1.856
1995-11-09,1.892
1995-11-09,1.844
1995-11-08,1.901
1995-11-08,1.854
1995-11-08,1.782
1995-11-08,1.868
1995-11-07,1.844
1995-11-07,1.866
1995-11-07,1.833
1995-11-07,1.766
1995-11-06,1.824
1995-11-06,1.856
1995-11-06,1.758
1995-11-06,1.825
1995-11-03,1.835
1995-11-03,1.762
1995-11-03,1.833
1995-11-03,1.876
1995-11-02,1.844
1995-11-02,1.769
1995-11-02,1.844
1995-11-02,1.891
1995-11-01,1.843
1995-11-01,1.895
1995-11-01,1.771
1995-11-01,1.849
1995-10-31,1.901
1995-10-31,1.851
1995-10-31,1.782
1995-10-31,1.866
1995-10-30,1.839
1995-10-30,1.889
1995-10-30,1.776
1995-10-30,1.85
1995-10-27,1.882
1995-10-27,1.774
1995-10-27,1.834
1995-10-27,1.839
1995-10-26,1.825
1995-10-26,1.872
1995-10-26,1.767
1995-10-26,1.83
1995-10-25,1.753
1995-10-25,1.81
1995-10-25,1.854
1995-10-25,1.807
1995-10-24,1.772
1995-10-24,1.807
1995-10-24,1.803
1995-10-24,1.854
1995-10-23,1.763
1995-10-23,1.825
1995-10-23,1.823
1995-10-23,1.874
1995-10-20,1.754
1995-10-20,1.823
1995-10-20,1.864
1995-10-20,1.819
1995-10-19,1.799
1995-10-19,1.789
1995-10-19,1.723
1995-10-19,1.841
1995-10-18,1.854
1995-10-18,1.808
1995-10-18,1.727
1995-10-18,1.802
1995-10-17,1.813
1995-10-17,1.861
1995-10-17,1.721
1995-10-17,1.804
1995-10-16,1.818
1995-10-16,1.813
1995-10-16,1.87
1995-10-16,1.709
1995-10-13,1.877
1995-10-13,1.851
1995-10-13,1.75
1995-10-13,1.914
1995-10-12,1.91
1995-10-12,1.869
1995-10-12,1.735
1995-10-12,1.847
1995-10-11,1.761
1995-10-11,1.921
1995-10-11,1.853
1995-10-11,1.893
1995-10-10,1.946
1995-10-10,1.918
1995-10-10,1.802
1995-10-10,1.87
1995-10-09,1.95
1995-10-09,1.968
1995-10-09,1.845
1995-10-09,1.885
1995-10-06,1.802
1995-10-06,1.881
1995-10-06,1.917
1995-10-06,1.951
1995-10-05,1.904
